filename;formulation;lb;ub;time
i-20-2-100-11-2-l-0.cssp;A;1;2;1800
i-20-2-100-11-2-l-0.cssp;Ad;2;2;3.86
i-20-2-100-11-2-l-0.cssp;P;2;2;66.06
i-20-2-100-11-2-l-0.cssp;Pd;2;2;0
i-20-2-100-11-2-l-1.cssp;A;1;3;1800
i-20-2-100-11-2-l-1.cssp;Ad;2;2;1527.14
i-20-2-100-11-2-l-1.cssp;P;2;2;58.22
i-20-2-100-11-2-l-1.cssp;Pd;2;2;0.02
i-20-2-100-11-2-l-2.cssp;A;1;2;1800
i-20-2-100-11-2-l-2.cssp;Ad;2;2;8.46
i-20-2-100-11-2-l-2.cssp;P;2;2;110.04
i-20-2-100-11-2-l-2.cssp;Pd;2;2;0
i-20-2-100-11-2-l-3.cssp;A;1;2;1800
i-20-2-100-11-2-l-3.cssp;Ad;2;2;65.92
i-20-2-100-11-2-l-3.cssp;P;2;2;45.16
i-20-2-100-11-2-l-3.cssp;Pd;2;2;0.02
i-20-2-100-11-2-l-4.cssp;A;1;2;1800
i-20-2-100-11-2-l-4.cssp;Ad;2;2;18.26
i-20-2-100-11-2-l-4.cssp;P;2;2;47.4
i-20-2-100-11-2-l-4.cssp;Pd;2;2;0.06
i-20-2-100-9-2-e-0.cssp;A;1;2;1800
i-20-2-100-9-2-e-0.cssp;Ad;2;2;20.22
i-20-2-100-9-2-e-0.cssp;P;2;2;61.6
i-20-2-100-9-2-e-0.cssp;Pd;2;2;0.02
i-20-2-100-9-2-e-1.cssp;A;1;2;1800
i-20-2-100-9-2-e-1.cssp;Ad;2;2;372.76
i-20-2-100-9-2-e-1.cssp;P;2;2;58.54
i-20-2-100-9-2-e-1.cssp;Pd;2;2;0.02
i-20-2-100-9-2-e-2.cssp;A;1;2;1800
i-20-2-100-9-2-e-2.cssp;Ad;2;3;1800
i-20-2-100-9-2-e-2.cssp;P;2;2;59.5
i-20-2-100-9-2-e-2.cssp;Pd;2;2;0.02
i-20-2-100-9-2-e-3.cssp;A;1;2;1800
i-20-2-100-9-2-e-3.cssp;Ad;2;2;155.72
i-20-2-100-9-2-e-3.cssp;P;2;2;56.72
i-20-2-100-9-2-e-3.cssp;Pd;2;2;0.04
i-20-2-100-9-2-e-4.cssp;A;1;2;1800
i-20-2-100-9-2-e-4.cssp;Ad;2;2;677.52
i-20-2-100-9-2-e-4.cssp;P;2;2;46.98
i-20-2-100-9-2-e-4.cssp;Pd;2;2;0.02
i-20-2-125-13-3-e-0.cssp;A;1;3;1800
i-20-2-125-13-3-e-0.cssp;Ad;3;3;40.18
i-20-2-125-13-3-e-0.cssp;P;3;3;314.44
i-20-2-125-13-3-e-0.cssp;Pd;3;3;0.14
i-20-2-125-13-3-e-1.cssp;A;1;3;1800
i-20-2-125-13-3-e-1.cssp;Ad;3;3;247.08
i-20-2-125-13-3-e-1.cssp;P;3;3;211.28
i-20-2-125-13-3-e-1.cssp;Pd;3;3;0.16
i-20-2-125-13-3-e-2.cssp;A;1;3;1800
i-20-2-125-13-3-e-2.cssp;Ad;3;3;20.06
i-20-2-125-13-3-e-2.cssp;P;3;3;149.22
i-20-2-125-13-3-e-2.cssp;Pd;3;3;0.02
i-20-2-125-13-3-e-3.cssp;A;1;3;1800
i-20-2-125-13-3-e-3.cssp;Ad;3;3;61.4
i-20-2-125-13-3-e-3.cssp;P;3;3;224.96
i-20-2-125-13-3-e-3.cssp;Pd;3;3;0.02
i-20-2-125-13-3-e-4.cssp;A;1;5;1800
i-20-2-125-13-3-e-4.cssp;Ad;3;3;319.56
i-20-2-125-13-3-e-4.cssp;P;3;3;132.78
i-20-2-125-13-3-e-4.cssp;Pd;3;3;0.02
i-20-2-125-15-3-l-0.cssp;A;1;6;1800
i-20-2-125-15-3-l-0.cssp;Ad;3;3;21.7
i-20-2-125-15-3-l-0.cssp;P;3;3;133.76
i-20-2-125-15-3-l-0.cssp;Pd;3;3;0.06
i-20-2-125-15-3-l-1.cssp;A;2;6;1800
i-20-2-125-15-3-l-1.cssp;Ad;3;3;554.8
i-20-2-125-15-3-l-1.cssp;P;3;3;180.42
i-20-2-125-15-3-l-1.cssp;Pd;3;3;0.2
i-20-2-125-15-3-l-2.cssp;A;1;3;1800
i-20-2-125-15-3-l-2.cssp;Ad;3;3;30.08
i-20-2-125-15-3-l-2.cssp;P;3;3;126.28
i-20-2-125-15-3-l-2.cssp;Pd;3;3;0
i-20-2-125-15-3-l-3.cssp;A;1;3;1800
i-20-2-125-15-3-l-3.cssp;Ad;3;3;9.6
i-20-2-125-15-3-l-3.cssp;P;3;3;148.38
i-20-2-125-15-3-l-3.cssp;Pd;3;3;0.02
i-20-2-125-15-3-l-4.cssp;A;1;3;1800
i-20-2-125-15-3-l-4.cssp;Ad;3;3;724.52
i-20-2-125-15-3-l-4.cssp;P;3;3;169.74
i-20-2-125-15-3-l-4.cssp;Pd;3;3;0.04
i-20-2-150-10-2-e-0.cssp;A;1;2;1800
i-20-2-150-10-2-e-0.cssp;Ad;2;2;431.48
i-20-2-150-10-2-e-0.cssp;P;2;2;219.26
i-20-2-150-10-2-e-0.cssp;Pd;2;2;0.1
i-20-2-150-10-2-e-1.cssp;A;1;2;1800
i-20-2-150-10-2-e-1.cssp;Ad;2;2;445.72
i-20-2-150-10-2-e-1.cssp;P;2;2;253.98
i-20-2-150-10-2-e-1.cssp;Pd;2;2;0.04
i-20-2-150-10-2-e-2.cssp;A;1;2;1800
i-20-2-150-10-2-e-2.cssp;Ad;1;1;5.94
i-20-2-150-10-2-e-2.cssp;P;1;1;57.7
i-20-2-150-10-2-e-2.cssp;Pd;1;1;0.02
i-20-2-150-10-2-e-3.cssp;A;1;2;1800
i-20-2-150-10-2-e-3.cssp;Ad;2;2;305.06
i-20-2-150-10-2-e-3.cssp;P;2;2;349.6
i-20-2-150-10-2-e-3.cssp;Pd;2;2;0.02
i-20-2-150-10-2-e-4.cssp;A;1;2;1800
i-20-2-150-10-2-e-4.cssp;Ad;2;2;29.9
i-20-2-150-10-2-e-4.cssp;P;2;2;305.66
i-20-2-150-10-2-e-4.cssp;Pd;2;2;0.48
i-20-2-150-12-2-l-0.cssp;A;1;3;1800
i-20-2-150-12-2-l-0.cssp;Ad;2;2;912.28
i-20-2-150-12-2-l-0.cssp;P;2;2;397.32
i-20-2-150-12-2-l-0.cssp;Pd;2;2;0.02
i-20-2-150-12-2-l-1.cssp;A;1;3;1800
i-20-2-150-12-2-l-1.cssp;Ad;2;2;148.48
i-20-2-150-12-2-l-1.cssp;P;2;2;406.8
i-20-2-150-12-2-l-1.cssp;Pd;2;2;0.02
i-20-2-150-12-2-l-2.cssp;A;1;3;1800
i-20-2-150-12-2-l-2.cssp;Ad;2;2;5.76
i-20-2-150-12-2-l-2.cssp;P;2;2;326.34
i-20-2-150-12-2-l-2.cssp;Pd;2;2;0.02
i-20-2-150-12-2-l-3.cssp;A;1;3;1800
i-20-2-150-12-2-l-3.cssp;Ad;2;2;13.3
i-20-2-150-12-2-l-3.cssp;P;2;2;373.2
i-20-2-150-12-2-l-3.cssp;Pd;2;2;0.02
i-20-2-150-12-2-l-4.cssp;A;0;3;1800
i-20-2-150-12-2-l-4.cssp;Ad;2;2;14.16
i-20-2-150-12-2-l-4.cssp;P;2;2;327.98
i-20-2-150-12-2-l-4.cssp;Pd;2;2;0.26
i-20-2-50-15-4-e-0.cssp;A;4;4;307.08
i-20-2-50-15-4-e-0.cssp;Ad;4;4;50.94
i-20-2-50-15-4-e-0.cssp;P;4;4;13.34
i-20-2-50-15-4-e-0.cssp;Pd;4;4;0.02
i-20-2-50-15-4-e-1.cssp;A;3;4;1800
i-20-2-50-15-4-e-1.cssp;Ad;4;4;84.44
i-20-2-50-15-4-e-1.cssp;P;4;4;4.4
i-20-2-50-15-4-e-1.cssp;Pd;4;4;0.08
i-20-2-50-15-4-e-2.cssp;A;3;4;1800
i-20-2-50-15-4-e-2.cssp;Ad;4;4;193.04
i-20-2-50-15-4-e-2.cssp;P;4;4;5.3
i-20-2-50-15-4-e-2.cssp;Pd;4;4;0
i-20-2-50-15-4-e-3.cssp;A;2;4;1800
i-20-2-50-15-4-e-3.cssp;Ad;4;4;207.14
i-20-2-50-15-4-e-3.cssp;P;4;4;20.24
i-20-2-50-15-4-e-3.cssp;Pd;4;4;0.06
i-20-2-50-15-4-e-4.cssp;A;4;4;184.68
i-20-2-50-15-4-e-4.cssp;Ad;4;4;772.28
i-20-2-50-15-4-e-4.cssp;P;4;4;4.84
i-20-2-50-15-4-e-4.cssp;Pd;4;4;0.02
i-20-2-50-17-4-l-0.cssp;A;4;4;46.12
i-20-2-50-17-4-l-0.cssp;Ad;4;4;155.26
i-20-2-50-17-4-l-0.cssp;P;4;4;7.82
i-20-2-50-17-4-l-0.cssp;Pd;4;4;0.06
i-20-2-50-17-4-l-1.cssp;A;3;3;16.6
i-20-2-50-17-4-l-1.cssp;Ad;3;3;183.66
i-20-2-50-17-4-l-1.cssp;P;3;3;4.28
i-20-2-50-17-4-l-1.cssp;Pd;3;3;0.16
i-20-2-50-17-4-l-2.cssp;A;4;4;53.1
i-20-2-50-17-4-l-2.cssp;Ad;4;4;219.38
i-20-2-50-17-4-l-2.cssp;P;4;4;4.68
i-20-2-50-17-4-l-2.cssp;Pd;4;4;0
i-20-2-50-17-4-l-3.cssp;A;4;4;458.62
i-20-2-50-17-4-l-3.cssp;Ad;4;4;7.6
i-20-2-50-17-4-l-3.cssp;P;4;4;4.62
i-20-2-50-17-4-l-3.cssp;Pd;4;4;0.08
i-20-2-50-17-4-l-4.cssp;A;3;3;73.72
i-20-2-50-17-4-l-4.cssp;Ad;3;3;208.46
i-20-2-50-17-4-l-4.cssp;P;3;3;4.04
i-20-2-50-17-4-l-4.cssp;Pd;3;3;0.02
i-20-2-75-12-3-e-0.cssp;A;2;3;1800
i-20-2-75-12-3-e-0.cssp;Ad;3;3;6.58
i-20-2-75-12-3-e-0.cssp;P;3;3;29.24
i-20-2-75-12-3-e-0.cssp;Pd;3;3;0.02
i-20-2-75-12-3-e-1.cssp;A;2;3;1800
i-20-2-75-12-3-e-1.cssp;Ad;3;3;1416.12
i-20-2-75-12-3-e-1.cssp;P;3;3;19.72
i-20-2-75-12-3-e-1.cssp;Pd;3;3;0.08
i-20-2-75-12-3-e-2.cssp;A;2;3;1800
i-20-2-75-12-3-e-2.cssp;Ad;3;4;1800
i-20-2-75-12-3-e-2.cssp;P;3;3;36.4
i-20-2-75-12-3-e-2.cssp;Pd;3;3;0.04
i-20-2-75-12-3-e-3.cssp;A;2;3;1800
i-20-2-75-12-3-e-3.cssp;Ad;3;3;7.88
i-20-2-75-12-3-e-3.cssp;P;3;3;25.04
i-20-2-75-12-3-e-3.cssp;Pd;3;3;0.08
i-20-2-75-12-3-e-4.cssp;A;2;2;129.26
i-20-2-75-12-3-e-4.cssp;Ad;2;2;4.14
i-20-2-75-12-3-e-4.cssp;P;2;2;26.86
i-20-2-75-12-3-e-4.cssp;Pd;2;2;0.02
i-20-2-75-14-3-l-0.cssp;A;2;3;1800
i-20-2-75-14-3-l-0.cssp;Ad;3;3;169.64
i-20-2-75-14-3-l-0.cssp;P;3;3;27.68
i-20-2-75-14-3-l-0.cssp;Pd;3;3;0
i-20-2-75-14-3-l-1.cssp;A;2;3;1800
i-20-2-75-14-3-l-1.cssp;Ad;3;3;332.4
i-20-2-75-14-3-l-1.cssp;P;3;3;20.84
i-20-2-75-14-3-l-1.cssp;Pd;3;3;0.2
i-20-2-75-14-3-l-2.cssp;A;2;3;1800
i-20-2-75-14-3-l-2.cssp;Ad;3;3;590.54
i-20-2-75-14-3-l-2.cssp;P;3;3;17.88
i-20-2-75-14-3-l-2.cssp;Pd;3;3;0.1
i-20-2-75-14-3-l-3.cssp;A;2;3;1800
i-20-2-75-14-3-l-3.cssp;Ad;3;4;1800
i-20-2-75-14-3-l-3.cssp;P;3;3;26.26
i-20-2-75-14-3-l-3.cssp;Pd;3;3;0.02
i-20-2-75-14-3-l-4.cssp;A;1;2;1800
i-20-2-75-14-3-l-4.cssp;Ad;2;2;17.86
i-20-2-75-14-3-l-4.cssp;P;2;2;15.32
i-20-2-75-14-3-l-4.cssp;Pd;2;2;0.04
i-20-4-100-15-7-e-0.cssp;A;0;10;1800
i-20-4-100-15-7-e-0.cssp;Ad;6;10;1800
i-20-4-100-15-7-e-0.cssp;P;0;8;722.8
i-20-4-100-15-7-e-0.cssp;Pd;7;7;1532.6
i-20-4-100-15-7-e-1.cssp;A;0;10;1800
i-20-4-100-15-7-e-1.cssp;Ad;6;11;1800
i-20-4-100-15-7-e-1.cssp;P;0;8;657.6
i-20-4-100-15-7-e-1.cssp;Pd;7;7;535.28
i-20-4-100-15-7-e-2.cssp;A;1;9;1800
i-20-4-100-15-7-e-2.cssp;Ad;6;10;1800
i-20-4-100-15-7-e-2.cssp;P;0;8;610
i-20-4-100-15-7-e-2.cssp;Pd;6;8;1003.14
i-20-4-100-15-7-e-3.cssp;A;0;9;1800
i-20-4-100-15-7-e-3.cssp;Ad;5;1.00E+20;1800
i-20-4-100-15-7-e-3.cssp;P;0;8;698.06
i-20-4-100-15-7-e-3.cssp;Pd;6;6;3.68
i-20-4-100-15-7-e-4.cssp;A;0;8;1800
i-20-4-100-15-7-e-4.cssp;Ad;6;1.00E+20;1800
i-20-4-100-15-7-e-4.cssp;P;0;8;602.52
i-20-4-100-15-7-e-4.cssp;Pd;7;7;680.78
i-20-4-100-16-7-l-0.cssp;A;0;11;1800
i-20-4-100-16-7-l-0.cssp;Ad;6;12;1800
i-20-4-100-16-7-l-0.cssp;P;7;7;712.5
i-20-4-100-16-7-l-0.cssp;Pd;7;7;49.62
i-20-4-100-16-7-l-1.cssp;A;5.11E-17;10;1800
i-20-4-100-16-7-l-1.cssp;Ad;6;1.00E+20;1800
i-20-4-100-16-7-l-1.cssp;P;7;7;1095.44
i-20-4-100-16-7-l-1.cssp;Pd;7;7;25.12
i-20-4-100-16-7-l-2.cssp;A;1;1.00E+20;1800
i-20-4-100-16-7-l-2.cssp;Ad;6;1.00E+20;1800
i-20-4-100-16-7-l-2.cssp;P;7;7;916.52
i-20-4-100-16-7-l-2.cssp;Pd;7;7;59.98
i-20-4-100-16-7-l-3.cssp;A;0;9;1800
i-20-4-100-16-7-l-3.cssp;Ad;6;11;1800
i-20-4-100-16-7-l-3.cssp;P;7;7;853.92
i-20-4-100-16-7-l-3.cssp;Pd;7;7;61.8
i-20-4-100-16-7-l-4.cssp;A;1;12;1800
i-20-4-100-16-7-l-4.cssp;Ad;6;11;1800
i-20-4-100-16-7-l-4.cssp;P;7;7;888.74
i-20-4-100-16-7-l-4.cssp;Pd;7;7;18.22
i-20-4-125-17-8-e-0.cssp;A;0;12;1800
i-20-4-125-17-8-e-0.cssp;Ad;6;13;1800
i-20-4-125-17-8-e-0.cssp;P;0;9;730.64
i-20-4-125-17-8-e-0.cssp;Pd;7;8;1800
i-20-4-125-17-8-e-1.cssp;A;0;1.00E+20;1800
i-20-4-125-17-8-e-1.cssp;Ad;7;12;1800
i-20-4-125-17-8-e-1.cssp;P;0;10;753.44
i-20-4-125-17-8-e-1.cssp;Pd;7;9;1280.86
i-20-4-125-17-8-e-2.cssp;A;0;1.00E+20;1800
i-20-4-125-17-8-e-2.cssp;Ad;7;1.00E+20;1800
i-20-4-125-17-8-e-2.cssp;P;0;9;740.58
i-20-4-125-17-8-e-2.cssp;Pd;7;8;1800
i-20-4-125-17-8-e-3.cssp;A;0;12;1800
i-20-4-125-17-8-e-3.cssp;Ad;7;12;1800
i-20-4-125-17-8-e-3.cssp;P;0;9;769.96
i-20-4-125-17-8-e-3.cssp;Pd;7;8;1800
i-20-4-125-17-8-e-4.cssp;A;0;12;1800
i-20-4-125-17-8-e-4.cssp;Ad;7;12;1800
i-20-4-125-17-8-e-4.cssp;P;0;9;642.9
i-20-4-125-17-8-e-4.cssp;Pd;7;8;1800
i-20-4-125-18-8-l-0.cssp;A;0;13;1800
i-20-4-125-18-8-l-0.cssp;Ad;7;1.00E+20;1800
i-20-4-125-18-8-l-0.cssp;P;0;10;819.14
i-20-4-125-18-8-l-0.cssp;Pd;8;8;401.4
i-20-4-125-18-8-l-1.cssp;A;0;1.00E+20;1800
i-20-4-125-18-8-l-1.cssp;Ad;7;1.00E+20;1800
i-20-4-125-18-8-l-1.cssp;P;0;10;801.66
i-20-4-125-18-8-l-1.cssp;Pd;8;8;248.14
i-20-4-125-18-8-l-2.cssp;A;0;1.00E+20;1800
i-20-4-125-18-8-l-2.cssp;Ad;7;1.00E+20;1800
i-20-4-125-18-8-l-2.cssp;P;0;10;771.92
i-20-4-125-18-8-l-2.cssp;Pd;8;8;472.9
i-20-4-125-18-8-l-3.cssp;A;0;1.00E+20;1800
i-20-4-125-18-8-l-3.cssp;Ad;7;1.00E+20;1800
i-20-4-125-18-8-l-3.cssp;P;0;10;872.24
i-20-4-125-18-8-l-3.cssp;Pd;8;8;1063.86
i-20-4-125-18-8-l-4.cssp;A;0;1.00E+20;1800
i-20-4-125-18-8-l-4.cssp;Ad;7;1.00E+20;1800
i-20-4-125-18-8-l-4.cssp;P;0;10;745.46
i-20-4-125-18-8-l-4.cssp;Pd;8;8;766.36
i-20-4-150-8-3-e-0.cssp;A;0;5;1800
i-20-4-150-8-3-e-0.cssp;Ad;3;6;1800
i-20-4-150-8-3-e-0.cssp;P;0;4;852.88
i-20-4-150-8-3-e-0.cssp;Pd;3;3;1101.76
i-20-4-150-8-3-e-1.cssp;A;0;4;1800
i-20-4-150-8-3-e-1.cssp;Ad;3;4;1800
i-20-4-150-8-3-e-1.cssp;P;0;4;861.94
i-20-4-150-8-3-e-1.cssp;Pd;3;3;209.96
i-20-4-150-8-3-e-2.cssp;A;0;5;1800
i-20-4-150-8-3-e-2.cssp;Ad;3;4;1800
i-20-4-150-8-3-e-2.cssp;P;0;4;720.46
i-20-4-150-8-3-e-2.cssp;Pd;3;4;1800
i-20-4-150-8-3-e-3.cssp;A;0;4;1800
i-20-4-150-8-3-e-3.cssp;Ad;3;6;1800
i-20-4-150-8-3-e-3.cssp;P;0;4;840.34
i-20-4-150-8-3-e-3.cssp;Pd;3;4;1800
i-20-4-150-8-3-e-4.cssp;A;0;5;1800
i-20-4-150-8-3-e-4.cssp;Ad;3;6;1800
i-20-4-150-8-3-e-4.cssp;P;0;4;819.5
i-20-4-150-8-3-e-4.cssp;Pd;3;3;648.9
i-20-4-150-9-3-l-0.cssp;A;0;8;1800
i-20-4-150-9-3-l-0.cssp;Ad;3;6;1800
i-20-4-150-9-3-l-0.cssp;P;0;5;576.52
i-20-4-150-9-3-l-0.cssp;Pd;3;3;177.28
i-20-4-150-9-3-l-1.cssp;A;0;6;1800
i-20-4-150-9-3-l-1.cssp;Ad;3;6;1800
i-20-4-150-9-3-l-1.cssp;P;0;4;1213.9
i-20-4-150-9-3-l-1.cssp;Pd;3;3;78.6
i-20-4-150-9-3-l-2.cssp;A;0;6;1800
i-20-4-150-9-3-l-2.cssp;Ad;3;6;1800
i-20-4-150-9-3-l-2.cssp;P;0;5;491.7
i-20-4-150-9-3-l-2.cssp;Pd;3;3;140.32
i-20-4-150-9-3-l-3.cssp;A;0;7;1800
i-20-4-150-9-3-l-3.cssp;Ad;3;4;1800
i-20-4-150-9-3-l-3.cssp;P;0;5;520.7
i-20-4-150-9-3-l-3.cssp;Pd;3;3;81.58
i-20-4-150-9-3-l-4.cssp;A;0;5;1800
i-20-4-150-9-3-l-4.cssp;Ad;3;6;1800
i-20-4-150-9-3-l-4.cssp;P;0;4;1216.18
i-20-4-150-9-3-l-4.cssp;Pd;3;3;247.4
i-20-4-50-20-10-e-0.cssp;A;5;14;1800
i-20-4-50-20-10-e-0.cssp;Ad;8;11;1800
i-20-4-50-20-10-e-0.cssp;P;10;10;132.72
i-20-4-50-20-10-e-0.cssp;Pd;10;10;103.78
i-20-4-50-20-10-e-1.cssp;A;5;12;1800
i-20-4-50-20-10-e-1.cssp;Ad;8;13;1800
i-20-4-50-20-10-e-1.cssp;P;10;10;107.02
i-20-4-50-20-10-e-1.cssp;Pd;10;10;59.86
i-20-4-50-20-10-e-2.cssp;A;5;11;1800
i-20-4-50-20-10-e-2.cssp;Ad;8;13;1800
i-20-4-50-20-10-e-2.cssp;P;10;10;116.98
i-20-4-50-20-10-e-2.cssp;Pd;10;10;78.54
i-20-4-50-20-10-e-3.cssp;A;5;12;1800
i-20-4-50-20-10-e-3.cssp;Ad;8;11;1800
i-20-4-50-20-10-e-3.cssp;P;10;10;111.36
i-20-4-50-20-10-e-3.cssp;Pd;10;10;82.7
i-20-4-50-20-10-e-4.cssp;A;5;13;1800
i-20-4-50-20-10-e-4.cssp;Ad;8;14;1800
i-20-4-50-20-10-e-4.cssp;P;10;10;94.32
i-20-4-50-20-10-e-4.cssp;Pd;10;10;74.2
i-20-4-50-21-10-l-0.cssp;A;5;14;1800
i-20-4-50-21-10-l-0.cssp;Ad;9;11;1800
i-20-4-50-21-10-l-0.cssp;P;10;10;211.38
i-20-4-50-21-10-l-0.cssp;Pd;10;10;51.64
i-20-4-50-21-10-l-1.cssp;A;5;11;1800
i-20-4-50-21-10-l-1.cssp;Ad;8;13;1800
i-20-4-50-21-10-l-1.cssp;P;10;10;98.12
i-20-4-50-21-10-l-1.cssp;Pd;10;10;22.18
i-20-4-50-21-10-l-2.cssp;A;5;12;1800
i-20-4-50-21-10-l-2.cssp;Ad;9;13;1800
i-20-4-50-21-10-l-2.cssp;P;10;10;52.78
i-20-4-50-21-10-l-2.cssp;Pd;10;10;47.62
i-20-4-50-21-10-l-3.cssp;A;6;13;1800
i-20-4-50-21-10-l-3.cssp;Ad;9;13;1800
i-20-4-50-21-10-l-3.cssp;P;10;10;119.96
i-20-4-50-21-10-l-3.cssp;Pd;10;10;48.16
i-20-4-50-21-10-l-4.cssp;A;6;13;1800
i-20-4-50-21-10-l-4.cssp;Ad;8;13;1800
i-20-4-50-21-10-l-4.cssp;P;10;10;37.68
i-20-4-50-21-10-l-4.cssp;Pd;10;10;35.22
i-20-4-75-13-6-e-0.cssp;A;2;8;1800
i-20-4-75-13-6-e-0.cssp;Ad;5;1.00E+20;1800
i-20-4-75-13-6-e-0.cssp;P;6;6;547.5
i-20-4-75-13-6-e-0.cssp;Pd;6;6;51.6
i-20-4-75-13-6-e-1.cssp;A;2;9;1800
i-20-4-75-13-6-e-1.cssp;Ad;5;9;1800
i-20-4-75-13-6-e-1.cssp;P;6;6;500.88
i-20-4-75-13-6-e-1.cssp;Pd;6;6;136.16
i-20-4-75-13-6-e-2.cssp;A;1;7;1800
i-20-4-75-13-6-e-2.cssp;Ad;5;8;1800
i-20-4-75-13-6-e-2.cssp;P;6;6;917.74
i-20-4-75-13-6-e-2.cssp;Pd;6;6;316.84
i-20-4-75-13-6-e-3.cssp;A;1;9;1800
i-20-4-75-13-6-e-3.cssp;Ad;5;9;1800
i-20-4-75-13-6-e-3.cssp;P;6;6;795.7
i-20-4-75-13-6-e-3.cssp;Pd;6;6;370.98
i-20-4-75-13-6-e-4.cssp;A;2;6;1800
i-20-4-75-13-6-e-4.cssp;Ad;5;8;1800
i-20-4-75-13-6-e-4.cssp;P;6;6;637.64
i-20-4-75-13-6-e-4.cssp;Pd;6;6;246.36
i-20-4-75-14-6-l-0.cssp;A;2;9;1800
i-20-4-75-14-6-l-0.cssp;Ad;6;9;1800
i-20-4-75-14-6-l-0.cssp;P;6;6;717
i-20-4-75-14-6-l-0.cssp;Pd;6;6;85.96
i-20-4-75-14-6-l-1.cssp;A;1;8;1800
i-20-4-75-14-6-l-1.cssp;Ad;5;9;1800
i-20-4-75-14-6-l-1.cssp;P;6;6;445.72
i-20-4-75-14-6-l-1.cssp;Pd;6;6;2.36
i-20-4-75-14-6-l-2.cssp;A;1;8;1800
i-20-4-75-14-6-l-2.cssp;Ad;6;9;1800
i-20-4-75-14-6-l-2.cssp;P;3;8;876.7
i-20-4-75-14-6-l-2.cssp;Pd;6;6;38.18
i-20-4-75-14-6-l-3.cssp;A;1;6;1800
i-20-4-75-14-6-l-3.cssp;Ad;5;9;1800
i-20-4-75-14-6-l-3.cssp;P;6;6;214.12
i-20-4-75-14-6-l-3.cssp;Pd;6;6;8.08
i-20-4-75-14-6-l-4.cssp;A;1;9;1800
i-20-4-75-14-6-l-4.cssp;Ad;5;9;1800
i-20-4-75-14-6-l-4.cssp;P;6;6;319.06
i-20-4-75-14-6-l-4.cssp;Pd;6;6;10.54
i-20-8-100-18-11-e-0.cssp;A;1;1.00E+20;1800
i-20-8-100-18-11-e-0.cssp;Ad;8;1.00E+20;1800
i-20-8-100-18-11-e-0.cssp;P;0;13;923.96
i-20-8-100-18-11-e-0.cssp;Pd;8;13;867.74
i-20-8-100-18-11-e-1.cssp;A;1;1.00E+20;1800
i-20-8-100-18-11-e-1.cssp;Ad;8;1.00E+20;1800
i-20-8-100-18-11-e-1.cssp;P;0;13;901.64
i-20-8-100-18-11-e-1.cssp;Pd;8;13;936.98
i-20-8-100-18-11-e-2.cssp;A;0;1.00E+20;1800
i-20-8-100-18-11-e-2.cssp;Ad;8;1.00E+20;1800
i-20-8-100-18-11-e-2.cssp;P;0;13;947.5
i-20-8-100-18-11-e-2.cssp;Pd;8;13;851.96
i-20-8-100-18-11-e-3.cssp;A;1;1.00E+20;1800
i-20-8-100-18-11-e-3.cssp;Ad;8;1.00E+20;1800
i-20-8-100-18-11-e-3.cssp;P;0;13;912.66
i-20-8-100-18-11-e-3.cssp;Pd;8;13;1034.14
i-20-8-100-18-11-e-4.cssp;A;0;1.00E+20;1800
i-20-8-100-18-11-e-4.cssp;Ad;7;1.00E+20;1800
i-20-8-100-18-11-e-4.cssp;P;0;13;967.5
i-20-8-100-18-11-e-4.cssp;Pd;8;13;854.9
i-20-8-100-19-11-l-0.cssp;A;1;1.00E+20;1800
i-20-8-100-19-11-l-0.cssp;Ad;8;1.00E+20;1800
i-20-8-100-19-11-l-0.cssp;P;0;14;938.58
i-20-8-100-19-11-l-0.cssp;Pd;8;14;1192
i-20-8-100-19-11-l-1.cssp;A;1;1.00E+20;1800
i-20-8-100-19-11-l-1.cssp;Ad;8;1.00E+20;1800
i-20-8-100-19-11-l-1.cssp;P;0;14;828.52
i-20-8-100-19-11-l-1.cssp;Pd;8;14;950.46
i-20-8-100-19-11-l-2.cssp;A;1;1.00E+20;1800
i-20-8-100-19-11-l-2.cssp;Ad;8;1.00E+20;1800
i-20-8-100-19-11-l-2.cssp;P;0;14;850
i-20-8-100-19-11-l-2.cssp;Pd;8;14;1149.06
i-20-8-100-19-11-l-3.cssp;A;1;1.00E+20;1800
i-20-8-100-19-11-l-3.cssp;Ad;8;1.00E+20;1800
i-20-8-100-19-11-l-3.cssp;P;0;14;916.62
i-20-8-100-19-11-l-3.cssp;Pd;8;14;1189.26
i-20-8-100-19-11-l-4.cssp;A;0;1.00E+20;1800
i-20-8-100-19-11-l-4.cssp;Ad;8;1.00E+20;1800
i-20-8-100-19-11-l-4.cssp;P;0;14;911.46
i-20-8-100-19-11-l-4.cssp;Pd;8;13;1800
i-20-8-109-18-11-e-0.cssp;A;1;1.00E+20;1800
i-20-8-109-18-11-e-0.cssp;Ad;8;1.00E+20;1800
i-20-8-109-18-11-e-0.cssp;P;0;13;849.26
i-20-8-109-18-11-e-0.cssp;Pd;8;13;712.12
i-20-8-109-18-11-e-1.cssp;A;0;1.00E+20;1800
i-20-8-109-18-11-e-1.cssp;Ad;8;1.00E+20;1800
i-20-8-109-18-11-e-1.cssp;P;0;13;766.36
i-20-8-109-18-11-e-1.cssp;Pd;8;13;888.5
i-20-8-109-18-11-e-2.cssp;A;0;1.00E+20;1800
i-20-8-109-18-11-e-2.cssp;Ad;7;1.00E+20;1800
i-20-8-109-18-11-e-2.cssp;P;0;13;693.02
i-20-8-109-18-11-e-2.cssp;Pd;8;13;943.38
i-20-8-109-18-11-e-3.cssp;A;0;1.00E+20;1800
i-20-8-109-18-11-e-3.cssp;Ad;8;1.00E+20;1800
i-20-8-109-18-11-e-3.cssp;P;0;13;748.18
i-20-8-109-18-11-e-3.cssp;Pd;8;13;799.34
i-20-8-109-18-11-e-4.cssp;A;1;1.00E+20;1800
i-20-8-109-18-11-e-4.cssp;Ad;8;1.00E+20;1800
i-20-8-109-18-11-e-4.cssp;P;0;13;734.36
i-20-8-109-18-11-e-4.cssp;Pd;8;13;756.44
i-20-8-109-19-11-l-0.cssp;A;0;1.00E+20;1800
i-20-8-109-19-11-l-0.cssp;Ad;8;1.00E+20;1800
i-20-8-109-19-11-l-0.cssp;P;0;14;843.12
i-20-8-109-19-11-l-0.cssp;Pd;8;13;1659
i-20-8-109-19-11-l-1.cssp;A;1;1.00E+20;1800
i-20-8-109-19-11-l-1.cssp;Ad;8;1.00E+20;1800
i-20-8-109-19-11-l-1.cssp;P;0;14;889.74
i-20-8-109-19-11-l-1.cssp;Pd;8;13;1797.6
i-20-8-109-19-11-l-2.cssp;A;1;1.00E+20;1800
i-20-8-109-19-11-l-2.cssp;Ad;8;1.00E+20;1800
i-20-8-109-19-11-l-2.cssp;P;0;14;816.54
i-20-8-109-19-11-l-2.cssp;Pd;8;13;1378.2
i-20-8-109-19-11-l-3.cssp;A;0;1.00E+20;1800
i-20-8-109-19-11-l-3.cssp;Ad;8;1.00E+20;1800
i-20-8-109-19-11-l-3.cssp;P;0;13;979.86
i-20-8-109-19-11-l-3.cssp;Pd;8;14;821
i-20-8-109-19-11-l-4.cssp;A;0;1.00E+20;1800
i-20-8-109-19-11-l-4.cssp;Ad;8;1.00E+20;1800
i-20-8-109-19-11-l-4.cssp;P;0;14;698.78
i-20-8-109-19-11-l-4.cssp;Pd;8;13;1069.12
i-20-8-150-11-6-e-0.cssp;A;0;1.00E+20;1800
i-20-8-150-11-6-e-0.cssp;Ad;4;1.00E+20;1800
i-20-8-150-11-6-e-0.cssp;P;0;8;636.32
i-20-8-150-11-6-e-0.cssp;Pd;4;7;1545.74
i-20-8-150-11-6-e-1.cssp;A;0;1.00E+20;1800
i-20-8-150-11-6-e-1.cssp;Ad;4;1.00E+20;1800
i-20-8-150-11-6-e-1.cssp;P;0;8;770.46
i-20-8-150-11-6-e-1.cssp;Pd;4;8;954.44
i-20-8-150-11-6-e-2.cssp;A;0;1.00E+20;1800
i-20-8-150-11-6-e-2.cssp;Ad;4;1.00E+20;1800
i-20-8-150-11-6-e-2.cssp;P;0;8;701.76
i-20-8-150-11-6-e-2.cssp;Pd;4;8;677.74
i-20-8-150-11-6-e-3.cssp;A;0;1.00E+20;1800
i-20-8-150-11-6-e-3.cssp;Ad;4;1.00E+20;1800
i-20-8-150-11-6-e-3.cssp;P;0;8;751.88
i-20-8-150-11-6-e-3.cssp;Pd;4;8;1014.08
i-20-8-150-11-6-e-4.cssp;A;0;1.00E+20;1800
i-20-8-150-11-6-e-4.cssp;Ad;4;1.00E+20;1800
i-20-8-150-11-6-e-4.cssp;P;0;8;705.5
i-20-8-150-11-6-e-4.cssp;Pd;4;8;779.2
i-20-8-150-12-6-l-0.cssp;A;0;1.00E+20;1800
i-20-8-150-12-6-l-0.cssp;Ad;5;1.00E+20;1800
i-20-8-150-12-6-l-0.cssp;P;0;8;1125.26
i-20-8-150-12-6-l-0.cssp;Pd;5;8;1162.84
i-20-8-150-12-6-l-1.cssp;A;0;1.00E+20;1800
i-20-8-150-12-6-l-1.cssp;Ad;5;1.00E+20;1800
i-20-8-150-12-6-l-1.cssp;P;0;8;1173.58
i-20-8-150-12-6-l-1.cssp;Pd;5;8;1351.26
i-20-8-150-12-6-l-2.cssp;A;0;1.00E+20;1800
i-20-8-150-12-6-l-2.cssp;Ad;5;1.00E+20;1800
i-20-8-150-12-6-l-2.cssp;P;0;9;703.68
i-20-8-150-12-6-l-2.cssp;Pd;5;8;1800
i-20-8-150-12-6-l-3.cssp;A;0;1.00E+20;1800
i-20-8-150-12-6-l-3.cssp;Ad;5;1.00E+20;1800
i-20-8-150-12-6-l-3.cssp;P;0;9;836.94
i-20-8-150-12-6-l-3.cssp;Pd;5;9;763.84
i-20-8-150-12-6-l-4.cssp;A;0;1.00E+20;1800
i-20-8-150-12-6-l-4.cssp;Ad;5;1.00E+20;1800
i-20-8-150-12-6-l-4.cssp;P;0;8;1230.88
i-20-8-150-12-6-l-4.cssp;Pd;5;8;1559.94
i-20-8-50-16-10-e-0.cssp;A;3;1.00E+20;1800
i-20-8-50-16-10-e-0.cssp;Ad;7;1.00E+20;1800
i-20-8-50-16-10-e-0.cssp;P;7;11;918.08
i-20-8-50-16-10-e-0.cssp;Pd;7;11;678.16
i-20-8-50-16-10-e-1.cssp;A;3;1.00E+20;1800
i-20-8-50-16-10-e-1.cssp;Ad;7;1.00E+20;1800
i-20-8-50-16-10-e-1.cssp;P;7;11;672.74
i-20-8-50-16-10-e-1.cssp;Pd;7;11;763.38
i-20-8-50-16-10-e-2.cssp;A;4;1.00E+20;1800
i-20-8-50-16-10-e-2.cssp;Ad;7;1.00E+20;1800
i-20-8-50-16-10-e-2.cssp;P;7;11;579.04
i-20-8-50-16-10-e-2.cssp;Pd;7;11;695.18
i-20-8-50-16-10-e-3.cssp;A;3;1.00E+20;1800
i-20-8-50-16-10-e-3.cssp;Ad;7;1.00E+20;1800
i-20-8-50-16-10-e-3.cssp;P;7;11;839.62
i-20-8-50-16-10-e-3.cssp;Pd;7;11;889.26
i-20-8-50-16-10-e-4.cssp;A;3;1.00E+20;1800
i-20-8-50-16-10-e-4.cssp;Ad;7;1.00E+20;1800
i-20-8-50-16-10-e-4.cssp;P;6;11;957.58
i-20-8-50-16-10-e-4.cssp;Pd;7;11;856.52
i-20-8-50-17-10-l-0.cssp;A;4;1.00E+20;1800
i-20-8-50-17-10-l-0.cssp;Ad;7;1.00E+20;1800
i-20-8-50-17-10-l-0.cssp;P;7;12;616.26
i-20-8-50-17-10-l-0.cssp;Pd;8;12;659.84
i-20-8-50-17-10-l-1.cssp;A;4;1.00E+20;1800
i-20-8-50-17-10-l-1.cssp;Ad;8;1.00E+20;1800
i-20-8-50-17-10-l-1.cssp;P;7;12;665.38
i-20-8-50-17-10-l-1.cssp;Pd;8;12;588.4
i-20-8-50-17-10-l-2.cssp;A;4;1.00E+20;1800
i-20-8-50-17-10-l-2.cssp;Ad;7;1.00E+20;1800
i-20-8-50-17-10-l-2.cssp;P;7;12;668.72
i-20-8-50-17-10-l-2.cssp;Pd;8;12;579.3
i-20-8-50-17-10-l-3.cssp;A;4;1.00E+20;1800
i-20-8-50-17-10-l-3.cssp;Ad;7;1.00E+20;1800
i-20-8-50-17-10-l-3.cssp;P;7;12;642.72
i-20-8-50-17-10-l-3.cssp;Pd;8;12;674.42
i-20-8-50-17-10-l-4.cssp;A;4;1.00E+20;1800
i-20-8-50-17-10-l-4.cssp;Ad;7;1.00E+20;1800
i-20-8-50-17-10-l-4.cssp;P;4;12;709.8
i-20-8-50-17-10-l-4.cssp;Pd;8;12;696
i-20-8-75-12-7-e-0.cssp;A;1;1.00E+20;1800
i-20-8-75-12-7-e-0.cssp;Ad;5;1.00E+20;1800
i-20-8-75-12-7-e-0.cssp;P;1;8;1169.92
i-20-8-75-12-7-e-0.cssp;Pd;5;9;635.96
i-20-8-75-12-7-e-1.cssp;A;1;1.00E+20;1800
i-20-8-75-12-7-e-1.cssp;Ad;5;1.00E+20;1800
i-20-8-75-12-7-e-1.cssp;P;0;9;680.96
i-20-8-75-12-7-e-1.cssp;Pd;5;9;600.64
i-20-8-75-12-7-e-2.cssp;A;1;1.00E+20;1800
i-20-8-75-12-7-e-2.cssp;Ad;5;1.00E+20;1800
i-20-8-75-12-7-e-2.cssp;P;0;8;1449.78
i-20-8-75-12-7-e-2.cssp;Pd;5;8;791.88
i-20-8-75-12-7-e-3.cssp;A;1;1.00E+20;1800
i-20-8-75-12-7-e-3.cssp;Ad;5;1.00E+20;1800
i-20-8-75-12-7-e-3.cssp;P;0;8;1441.94
i-20-8-75-12-7-e-3.cssp;Pd;5;9;598.34
i-20-8-75-12-7-e-4.cssp;A;1;1.00E+20;1800
i-20-8-75-12-7-e-4.cssp;Ad;5;1.00E+20;1800
i-20-8-75-12-7-e-4.cssp;P;1;8;1291.7
i-20-8-75-12-7-e-4.cssp;Pd;5;8;979.12
i-20-8-75-13-7-l-0.cssp;A;1;1.00E+20;1800
i-20-8-75-13-7-l-0.cssp;Ad;5;1.00E+20;1800
i-20-8-75-13-7-l-0.cssp;P;0;9;774.76
i-20-8-75-13-7-l-0.cssp;Pd;6;9;747.56
i-20-8-75-13-7-l-1.cssp;A;0;1.00E+20;1800
i-20-8-75-13-7-l-1.cssp;Ad;5;1.00E+20;1800
i-20-8-75-13-7-l-1.cssp;P;0;9;780.68
i-20-8-75-13-7-l-1.cssp;Pd;5;9;610.3
i-20-8-75-13-7-l-2.cssp;A;1;1.00E+20;1800
i-20-8-75-13-7-l-2.cssp;Ad;5;1.00E+20;1800
i-20-8-75-13-7-l-2.cssp;P;0;9;1137.86
i-20-8-75-13-7-l-2.cssp;Pd;6;9;699.52
i-20-8-75-13-7-l-3.cssp;A;1;1.00E+20;1800
i-20-8-75-13-7-l-3.cssp;Ad;5;1.00E+20;1800
i-20-8-75-13-7-l-3.cssp;P;0;9;1039.32
i-20-8-75-13-7-l-3.cssp;Pd;6;9;654.88
i-20-8-75-13-7-l-4.cssp;A;1;1.00E+20;1800
i-20-8-75-13-7-l-4.cssp;Ad;5;1.00E+20;1800
i-20-8-75-13-7-l-4.cssp;P;0;9;685.92
i-20-8-75-13-7-l-4.cssp;Pd;6;9;646.26
i-2-2-100-20-1-e-0.cssp;A;1;1;82.88
i-2-2-100-20-1-e-0.cssp;Ad;1;1;1.08
i-2-2-100-20-1-e-0.cssp;P;1;1;26.68
i-2-2-100-20-1-e-0.cssp;Pd;1;1;0.04
i-2-2-100-20-1-e-1.cssp;A;1;1;237.62
i-2-2-100-20-1-e-1.cssp;Ad;1;1;2
i-2-2-100-20-1-e-1.cssp;P;1;1;25.4
i-2-2-100-20-1-e-1.cssp;Pd;1;1;0
i-2-2-100-20-1-e-2.cssp;A;1;1;141.08
i-2-2-100-20-1-e-2.cssp;Ad;1;1;0.8
i-2-2-100-20-1-e-2.cssp;P;1;1;37.5
i-2-2-100-20-1-e-2.cssp;Pd;1;1;0.02
i-2-2-100-20-1-e-3.cssp;A;1;1;91.4
i-2-2-100-20-1-e-3.cssp;Ad;1;1;9.18
i-2-2-100-20-1-e-3.cssp;P;1;1;28.14
i-2-2-100-20-1-e-3.cssp;Pd;1;1;0.02
i-2-2-100-20-1-e-4.cssp;A;1;1;142.08
i-2-2-100-20-1-e-4.cssp;Ad;1;1;1.3
i-2-2-100-20-1-e-4.cssp;P;1;1;23.1
i-2-2-100-20-1-e-4.cssp;Pd;1;1;0.16
i-2-2-100-29-1-l-0.cssp;A;1;1;222.14
i-2-2-100-29-1-l-0.cssp;Ad;1;1;52.66
i-2-2-100-29-1-l-0.cssp;P;1;1;22.14
i-2-2-100-29-1-l-0.cssp;Pd;1;1;0.06
i-2-2-100-29-1-l-1.cssp;A;1;1;227.56
i-2-2-100-29-1-l-1.cssp;Ad;1;1;0.84
i-2-2-100-29-1-l-1.cssp;P;1;1;25.54
i-2-2-100-29-1-l-1.cssp;Pd;1;1;0.02
i-2-2-100-29-1-l-2.cssp;A;1;1;185.28
i-2-2-100-29-1-l-2.cssp;Ad;1;1;0.66
i-2-2-100-29-1-l-2.cssp;P;1;1;26.92
i-2-2-100-29-1-l-2.cssp;Pd;1;1;0
i-2-2-100-29-1-l-3.cssp;A;1;1;161.2
i-2-2-100-29-1-l-3.cssp;Ad;1;1;2.38
i-2-2-100-29-1-l-3.cssp;P;1;1;27.4
i-2-2-100-29-1-l-3.cssp;Pd;1;1;0.04
i-2-2-100-29-1-l-4.cssp;A;1;1;144.02
i-2-2-100-29-1-l-4.cssp;Ad;1;1;53.16
i-2-2-100-29-1-l-4.cssp;P;1;1;24.62
i-2-2-100-29-1-l-4.cssp;Pd;1;1;0.04
i-2-2-50-17-1-e-0.cssp;A;1;1;30
i-2-2-50-17-1-e-0.cssp;Ad;1;1;4.12
i-2-2-50-17-1-e-0.cssp;P;1;1;1.68
i-2-2-50-17-1-e-0.cssp;Pd;1;1;0.02
i-2-2-50-17-1-e-1.cssp;A;1;1;20.66
i-2-2-50-17-1-e-1.cssp;Ad;1;1;6.86
i-2-2-50-17-1-e-1.cssp;P;1;1;1.46
i-2-2-50-17-1-e-1.cssp;Pd;1;1;0
i-2-2-50-17-1-e-2.cssp;A;1;1;2.98
i-2-2-50-17-1-e-2.cssp;Ad;1;1;0.38
i-2-2-50-17-1-e-2.cssp;P;1;1;1.64
i-2-2-50-17-1-e-2.cssp;Pd;1;1;0
i-2-2-50-17-1-e-3.cssp;A;1;1;6.04
i-2-2-50-17-1-e-3.cssp;Ad;1;1;0.4
i-2-2-50-17-1-e-3.cssp;P;1;1;1.72
i-2-2-50-17-1-e-3.cssp;Pd;1;1;0
i-2-2-50-17-1-e-4.cssp;A;1;1;6.64
i-2-2-50-17-1-e-4.cssp;Ad;1;1;0.58
i-2-2-50-17-1-e-4.cssp;P;1;1;1.62
i-2-2-50-17-1-e-4.cssp;Pd;1;1;0.04
i-2-2-50-25-1-l-0.cssp;A;1;1;7.64
i-2-2-50-25-1-l-0.cssp;Ad;1;1;1.5
i-2-2-50-25-1-l-0.cssp;P;1;1;1.06
i-2-2-50-25-1-l-0.cssp;Pd;1;1;0.02
i-2-2-50-25-1-l-1.cssp;A;1;1;4.28
i-2-2-50-25-1-l-1.cssp;Ad;1;1;0.4
i-2-2-50-25-1-l-1.cssp;P;1;1;1.06
i-2-2-50-25-1-l-1.cssp;Pd;1;1;0
i-2-2-50-25-1-l-2.cssp;A;1;1;8.44
i-2-2-50-25-1-l-2.cssp;Ad;1;1;1.64
i-2-2-50-25-1-l-2.cssp;P;1;1;1.14
i-2-2-50-25-1-l-2.cssp;Pd;1;1;0.02
i-2-2-50-25-1-l-3.cssp;A;1;1;67.76
i-2-2-50-25-1-l-3.cssp;Ad;1;1;2.72
i-2-2-50-25-1-l-3.cssp;P;1;1;1.12
i-2-2-50-25-1-l-3.cssp;Pd;1;1;0
i-2-2-50-25-1-l-4.cssp;A;1;1;26.92
i-2-2-50-25-1-l-4.cssp;Ad;1;1;2.72
i-2-2-50-25-1-l-4.cssp;P;1;1;1.18
i-2-2-50-25-1-l-4.cssp;Pd;1;1;0
i-2-2-75-19-1-e-0.cssp;A;1;1;68.54
i-2-2-75-19-1-e-0.cssp;Ad;1;1;2.08
i-2-2-75-19-1-e-0.cssp;P;1;1;8.56
i-2-2-75-19-1-e-0.cssp;Pd;1;1;0.02
i-2-2-75-19-1-e-1.cssp;A;1;1;50.88
i-2-2-75-19-1-e-1.cssp;Ad;1;1;0.82
i-2-2-75-19-1-e-1.cssp;P;1;1;7.38
i-2-2-75-19-1-e-1.cssp;Pd;1;1;0.02
i-2-2-75-19-1-e-2.cssp;A;0;0;40.96
i-2-2-75-19-1-e-2.cssp;Ad;0;0;0.2
i-2-2-75-19-1-e-2.cssp;P;0;0;2.9
i-2-2-75-19-1-e-2.cssp;Pd;0;0;0.02
i-2-2-75-19-1-e-3.cssp;A;0;0;35.98
i-2-2-75-19-1-e-3.cssp;Ad;0;0;0.14
i-2-2-75-19-1-e-3.cssp;P;0;0;1.88
i-2-2-75-19-1-e-3.cssp;Pd;0;0;0.02
i-2-2-75-19-1-e-4.cssp;A;1;1;15.3
i-2-2-75-19-1-e-4.cssp;Ad;1;1;0.28
i-2-2-75-19-1-e-4.cssp;P;1;1;8.34
i-2-2-75-19-1-e-4.cssp;Pd;1;1;0.06
i-2-2-75-28-1-l-0.cssp;A;1;1;59.48
i-2-2-75-28-1-l-0.cssp;Ad;1;1;7.4
i-2-2-75-28-1-l-0.cssp;P;1;1;6.94
i-2-2-75-28-1-l-0.cssp;Pd;1;1;0.02
i-2-2-75-28-1-l-1.cssp;A;1;1;52.26
i-2-2-75-28-1-l-1.cssp;Ad;1;1;10.76
i-2-2-75-28-1-l-1.cssp;P;1;1;7.34
i-2-2-75-28-1-l-1.cssp;Pd;1;1;0
i-2-2-75-28-1-l-2.cssp;A;1;1;31.6
i-2-2-75-28-1-l-2.cssp;Ad;1;1;0.68
i-2-2-75-28-1-l-2.cssp;P;1;1;6.24
i-2-2-75-28-1-l-2.cssp;Pd;1;1;0.1
i-2-2-75-28-1-l-3.cssp;A;1;1;42.42
i-2-2-75-28-1-l-3.cssp;Ad;1;1;1.6
i-2-2-75-28-1-l-3.cssp;P;1;1;8.34
i-2-2-75-28-1-l-3.cssp;Pd;1;1;0.02
i-2-2-75-28-1-l-4.cssp;A;1;1;59.12
i-2-2-75-28-1-l-4.cssp;Ad;1;1;0.5
i-2-2-75-28-1-l-4.cssp;P;1;1;7.12
i-2-2-75-28-1-l-4.cssp;Pd;1;1;0.02
i-2-4-100-13-1-e-0.cssp;A;1;1;226.62
i-2-4-100-13-1-e-0.cssp;Ad;1;1;13.88
i-2-4-100-13-1-e-0.cssp;P;1;1;178.86
i-2-4-100-13-1-e-0.cssp;Pd;1;1;1.2
i-2-4-100-13-1-e-1.cssp;A;1;1;686.92
i-2-4-100-13-1-e-1.cssp;Ad;1;1;63.38
i-2-4-100-13-1-e-1.cssp;P;1;1;192.74
i-2-4-100-13-1-e-1.cssp;Pd;1;1;1.84
i-2-4-100-13-1-e-2.cssp;A;1;1;388.32
i-2-4-100-13-1-e-2.cssp;Ad;1;1;93.58
i-2-4-100-13-1-e-2.cssp;P;1;1;143.38
i-2-4-100-13-1-e-2.cssp;Pd;1;1;0.4
i-2-4-100-13-1-e-3.cssp;A;1;1;493.36
i-2-4-100-13-1-e-3.cssp;Ad;1;1;116
i-2-4-100-13-1-e-3.cssp;P;1;1;181.82
i-2-4-100-13-1-e-3.cssp;Pd;1;1;0.32
i-2-4-100-13-1-e-4.cssp;A;1;1;505.72
i-2-4-100-13-1-e-4.cssp;Ad;1;2;1800
i-2-4-100-13-1-e-4.cssp;P;1;1;142.44
i-2-4-100-13-1-e-4.cssp;Pd;1;1;1.24
i-2-4-100-16-1-l-0.cssp;A;1;1;372.7
i-2-4-100-16-1-l-0.cssp;Ad;1;1;101.96
i-2-4-100-16-1-l-0.cssp;P;1;1;100.1
i-2-4-100-16-1-l-0.cssp;Pd;1;1;0.1
i-2-4-100-16-1-l-1.cssp;A;1;1;232.66
i-2-4-100-16-1-l-1.cssp;Ad;1;1;166.6
i-2-4-100-16-1-l-1.cssp;P;1;1;146.12
i-2-4-100-16-1-l-1.cssp;Pd;1;1;0.02
i-2-4-100-16-1-l-2.cssp;A;1;1;501.74
i-2-4-100-16-1-l-2.cssp;Ad;1;1;89.42
i-2-4-100-16-1-l-2.cssp;P;1;1;132.9
i-2-4-100-16-1-l-2.cssp;Pd;1;1;0.08
i-2-4-100-16-1-l-3.cssp;A;1;1;688.08
i-2-4-100-16-1-l-3.cssp;Ad;1;1;50.22
i-2-4-100-16-1-l-3.cssp;P;1;1;138
i-2-4-100-16-1-l-3.cssp;Pd;1;1;0.32
i-2-4-100-16-1-l-4.cssp;A;1;1;480.42
i-2-4-100-16-1-l-4.cssp;Ad;1;1;49.38
i-2-4-100-16-1-l-4.cssp;P;1;1;118.72
i-2-4-100-16-1-l-4.cssp;Pd;1;1;0.08
i-2-4-125-14-1-e-0.cssp;A;1;1;1063.5
i-2-4-125-14-1-e-0.cssp;Ad;1;2;1800
i-2-4-125-14-1-e-0.cssp;P;1;1;301.6
i-2-4-125-14-1-e-0.cssp;Pd;1;1;2.78
i-2-4-125-14-1-e-1.cssp;A;1;1;1223.56
i-2-4-125-14-1-e-1.cssp;Ad;1;1;84.16
i-2-4-125-14-1-e-1.cssp;P;1;1;262.42
i-2-4-125-14-1-e-1.cssp;Pd;1;1;0.8
i-2-4-125-14-1-e-2.cssp;A;1;1;1071.28
i-2-4-125-14-1-e-2.cssp;Ad;1;1;241.78
i-2-4-125-14-1-e-2.cssp;P;1;1;383.9
i-2-4-125-14-1-e-2.cssp;Pd;1;1;1.26
i-2-4-125-14-1-e-3.cssp;A;1;1;697.3
i-2-4-125-14-1-e-3.cssp;Ad;1;1;36.8
i-2-4-125-14-1-e-3.cssp;P;1;1;337.14
i-2-4-125-14-1-e-3.cssp;Pd;1;1;0.9
i-2-4-125-14-1-e-4.cssp;A;1;1;1045.58
i-2-4-125-14-1-e-4.cssp;Ad;1;1;456.22
i-2-4-125-14-1-e-4.cssp;P;1;1;303.32
i-2-4-125-14-1-e-4.cssp;Pd;1;1;0.74
i-2-4-125-17-1-l-0.cssp;A;1;1;1587.98
i-2-4-125-17-1-l-0.cssp;Ad;1;1;306.16
i-2-4-125-17-1-l-0.cssp;P;1;1;1190.32
i-2-4-125-17-1-l-0.cssp;Pd;1;1;0.04
i-2-4-125-17-1-l-1.cssp;A;1;1;1585.26
i-2-4-125-17-1-l-1.cssp;Ad;1;1;94.9
i-2-4-125-17-1-l-1.cssp;P;1;1;354.82
i-2-4-125-17-1-l-1.cssp;Pd;1;1;0.06
i-2-4-125-17-1-l-2.cssp;A;1;2;1800
i-2-4-125-17-1-l-2.cssp;Ad;1;1;54.34
i-2-4-125-17-1-l-2.cssp;P;1;1;318.34
i-2-4-125-17-1-l-2.cssp;Pd;1;1;0.04
i-2-4-125-17-1-l-3.cssp;A;1;1;1350.06
i-2-4-125-17-1-l-3.cssp;Ad;1;1;252.02
i-2-4-125-17-1-l-3.cssp;P;1;1;304.26
i-2-4-125-17-1-l-3.cssp;Pd;1;1;0.06
i-2-4-125-17-1-l-4.cssp;A;1;1;1489.66
i-2-4-125-17-1-l-4.cssp;Ad;1;1;28.3
i-2-4-125-17-1-l-4.cssp;P;1;1;324.36
i-2-4-125-17-1-l-4.cssp;Pd;1;1;0.12
i-2-4-150-15-1-e-0.cssp;A;0;1;1800
i-2-4-150-15-1-e-0.cssp;Ad;1;1;41.42
i-2-4-150-15-1-e-0.cssp;P;1;1;838.36
i-2-4-150-15-1-e-0.cssp;Pd;1;1;3.34
i-2-4-150-15-1-e-1.cssp;A;0;1;1800
i-2-4-150-15-1-e-1.cssp;Ad;1;1;7.42
i-2-4-150-15-1-e-1.cssp;P;1;1;426.26
i-2-4-150-15-1-e-1.cssp;Pd;1;1;0.62
i-2-4-150-15-1-e-2.cssp;A;1;1;1319.8
i-2-4-150-15-1-e-2.cssp;Ad;1;1;285.86
i-2-4-150-15-1-e-2.cssp;P;1;1;387.06
i-2-4-150-15-1-e-2.cssp;Pd;1;1;0.42
i-2-4-150-15-1-e-3.cssp;A;0;1;1800
i-2-4-150-15-1-e-3.cssp;Ad;1;2;1800
i-2-4-150-15-1-e-3.cssp;P;1;1;605.52
i-2-4-150-15-1-e-3.cssp;Pd;1;1;0.92
i-2-4-150-15-1-e-4.cssp;A;0;1;1800
i-2-4-150-15-1-e-4.cssp;Ad;1;1;145.68
i-2-4-150-15-1-e-4.cssp;P;1;1;592.04
i-2-4-150-15-1-e-4.cssp;Pd;1;1;3.08
i-2-4-150-17-1-l-0.cssp;A;0;2;1800
i-2-4-150-17-1-l-0.cssp;Ad;1;1;180.24
i-2-4-150-17-1-l-0.cssp;P;1;1;516.92
i-2-4-150-17-1-l-0.cssp;Pd;1;1;0.08
i-2-4-150-17-1-l-1.cssp;A;0;1;1800
i-2-4-150-17-1-l-1.cssp;Ad;1;3;1800
i-2-4-150-17-1-l-1.cssp;P;1;1;767.3
i-2-4-150-17-1-l-1.cssp;Pd;1;1;0.06
i-2-4-150-17-1-l-2.cssp;A;0;1;1800
i-2-4-150-17-1-l-2.cssp;Ad;1;3;1800
i-2-4-150-17-1-l-2.cssp;P;1;1;808.6
i-2-4-150-17-1-l-2.cssp;Pd;1;1;0.24
i-2-4-150-17-1-l-3.cssp;A;0;2;1800
i-2-4-150-17-1-l-3.cssp;Ad;1;3;1800
i-2-4-150-17-1-l-3.cssp;P;1;1;562.66
i-2-4-150-17-1-l-3.cssp;Pd;1;1;0.08
i-2-4-150-17-1-l-4.cssp;A;0.167854;2;1800
i-2-4-150-17-1-l-4.cssp;Ad;1;1;35.62
i-2-4-150-17-1-l-4.cssp;P;1;1;1683.92
i-2-4-150-17-1-l-4.cssp;Pd;1;1;0.06
i-2-4-50-16-2-e-0.cssp;A;2;2;154.42
i-2-4-50-16-2-e-0.cssp;Ad;2;2;12.04
i-2-4-50-16-2-e-0.cssp;P;2;2;7.18
i-2-4-50-16-2-e-0.cssp;Pd;2;2;0.22
i-2-4-50-16-2-e-1.cssp;A;2;2;826.02
i-2-4-50-16-2-e-1.cssp;Ad;2;2;57.92
i-2-4-50-16-2-e-1.cssp;P;2;2;12.58
i-2-4-50-16-2-e-1.cssp;Pd;2;2;4.32
i-2-4-50-16-2-e-2.cssp;A;2;2;520.52
i-2-4-50-16-2-e-2.cssp;Ad;2;2;78.96
i-2-4-50-16-2-e-2.cssp;P;2;2;10.42
i-2-4-50-16-2-e-2.cssp;Pd;2;2;0.38
i-2-4-50-16-2-e-3.cssp;A;2;2;189.54
i-2-4-50-16-2-e-3.cssp;Ad;2;2;70.54
i-2-4-50-16-2-e-3.cssp;P;2;2;6.12
i-2-4-50-16-2-e-3.cssp;Pd;2;2;0.38
i-2-4-50-16-2-e-4.cssp;A;2;2;403
i-2-4-50-16-2-e-4.cssp;Ad;2;2;32.8
i-2-4-50-16-2-e-4.cssp;P;2;2;11.74
i-2-4-50-16-2-e-4.cssp;Pd;2;2;0.2
i-2-4-50-19-2-l-0.cssp;A;2;2;352.84
i-2-4-50-19-2-l-0.cssp;Ad;2;2;84.7
i-2-4-50-19-2-l-0.cssp;P;2;2;5.2
i-2-4-50-19-2-l-0.cssp;Pd;2;2;0.02
i-2-4-50-19-2-l-1.cssp;A;2;2;269.76
i-2-4-50-19-2-l-1.cssp;Ad;2;2;11.68
i-2-4-50-19-2-l-1.cssp;P;2;2;7.86
i-2-4-50-19-2-l-1.cssp;Pd;2;2;0.1
i-2-4-50-19-2-l-2.cssp;A;2;2;61.68
i-2-4-50-19-2-l-2.cssp;Ad;2;2;55.7
i-2-4-50-19-2-l-2.cssp;P;2;2;9.16
i-2-4-50-19-2-l-2.cssp;Pd;2;2;0.1
i-2-4-50-19-2-l-3.cssp;A;2;2;76.76
i-2-4-50-19-2-l-3.cssp;Ad;2;2;56
i-2-4-50-19-2-l-3.cssp;P;2;2;8.04
i-2-4-50-19-2-l-3.cssp;Pd;2;2;0.2
i-2-4-50-19-2-l-4.cssp;A;2;2;76.6
i-2-4-50-19-2-l-4.cssp;Ad;2;2;12.44
i-2-4-50-19-2-l-4.cssp;P;2;2;9.38
i-2-4-50-19-2-l-4.cssp;Pd;2;2;0.04
i-2-4-75-13-1-e-0.cssp;A;1;1;102.66
i-2-4-75-13-1-e-0.cssp;Ad;1;1;171.2
i-2-4-75-13-1-e-0.cssp;P;1;1;57.16
i-2-4-75-13-1-e-0.cssp;Pd;1;1;0.16
i-2-4-75-13-1-e-1.cssp;A;1;1;425.44
i-2-4-75-13-1-e-1.cssp;Ad;1;1;62.18
i-2-4-75-13-1-e-1.cssp;P;1;1;71.76
i-2-4-75-13-1-e-1.cssp;Pd;1;1;0.32
i-2-4-75-13-1-e-2.cssp;A;1;1;90.24
i-2-4-75-13-1-e-2.cssp;Ad;1;2;1800
i-2-4-75-13-1-e-2.cssp;P;1;1;45.36
i-2-4-75-13-1-e-2.cssp;Pd;1;1;0.1
i-2-4-75-13-1-e-3.cssp;A;1;1;158.44
i-2-4-75-13-1-e-3.cssp;Ad;1;1;42.52
i-2-4-75-13-1-e-3.cssp;P;1;1;57.3
i-2-4-75-13-1-e-3.cssp;Pd;1;1;0.96
i-2-4-75-13-1-e-4.cssp;A;1;1;100
i-2-4-75-13-1-e-4.cssp;Ad;1;1;58.26
i-2-4-75-13-1-e-4.cssp;P;1;1;35.16
i-2-4-75-13-1-e-4.cssp;Pd;1;1;1.38
i-2-4-75-16-1-l-0.cssp;A;1;1;161.9
i-2-4-75-16-1-l-0.cssp;Ad;1;1;177.96
i-2-4-75-16-1-l-0.cssp;P;1;1;52.64
i-2-4-75-16-1-l-0.cssp;Pd;1;1;0.02
i-2-4-75-16-1-l-1.cssp;A;1;1;184.62
i-2-4-75-16-1-l-1.cssp;Ad;1;1;394.14
i-2-4-75-16-1-l-1.cssp;P;1;1;33.32
i-2-4-75-16-1-l-1.cssp;Pd;1;1;0
i-2-4-75-16-1-l-2.cssp;A;1;1;151.24
i-2-4-75-16-1-l-2.cssp;Ad;1;1;0.82
i-2-4-75-16-1-l-2.cssp;P;1;1;45.9
i-2-4-75-16-1-l-2.cssp;Pd;1;1;0.02
i-2-4-75-16-1-l-3.cssp;A;1;1;135
i-2-4-75-16-1-l-3.cssp;Ad;1;1;112.02
i-2-4-75-16-1-l-3.cssp;P;1;1;48.06
i-2-4-75-16-1-l-3.cssp;Pd;1;1;0.02
i-2-4-75-16-1-l-4.cssp;A;1;1;222.76
i-2-4-75-16-1-l-4.cssp;Ad;1;1;137.7
i-2-4-75-16-1-l-4.cssp;P;1;1;55.34
i-2-4-75-16-1-l-4.cssp;Pd;1;1;0.04
i-2-8-100-11-1-e-0.cssp;A;1;1;793.76
i-2-8-100-11-1-e-0.cssp;Ad;1;1;695.54
i-2-8-100-11-1-e-0.cssp;P;1;2;1266.92
i-2-8-100-11-1-e-0.cssp;Pd;1;1;256.3
i-2-8-100-11-1-e-1.cssp;A;1;1;589.44
i-2-8-100-11-1-e-1.cssp;Ad;1;1;664.64
i-2-8-100-11-1-e-1.cssp;P;1;2;1800
i-2-8-100-11-1-e-1.cssp;Pd;1;1;396.48
i-2-8-100-11-1-e-2.cssp;A;0;1;1800
i-2-8-100-11-1-e-2.cssp;Ad;1;1;1238.2
i-2-8-100-11-1-e-2.cssp;P;1;1;1028.12
i-2-8-100-11-1-e-2.cssp;Pd;1;1;19.84
i-2-8-100-11-1-e-3.cssp;A;0;1;1800
i-2-8-100-11-1-e-3.cssp;Ad;1;1;677.26
i-2-8-100-11-1-e-3.cssp;P;1;1;999.54
i-2-8-100-11-1-e-3.cssp;Pd;1;1;933.58
i-2-8-100-11-1-e-4.cssp;A;1;1;1428.3
i-2-8-100-11-1-e-4.cssp;Ad;1;1;820.78
i-2-8-100-11-1-e-4.cssp;P;1;1;1642.84
i-2-8-100-11-1-e-4.cssp;Pd;1;1;1119.7
i-2-8-100-12-1-l-0.cssp;A;1;1;679.04
i-2-8-100-12-1-l-0.cssp;Ad;1;1;309.48
i-2-8-100-12-1-l-0.cssp;P;1;1;968.6
i-2-8-100-12-1-l-0.cssp;Pd;1;1;46.74
i-2-8-100-12-1-l-1.cssp;A;1;1;1000.22
i-2-8-100-12-1-l-1.cssp;Ad;1;1;1535.26
i-2-8-100-12-1-l-1.cssp;P;1;1;1274.76
i-2-8-100-12-1-l-1.cssp;Pd;1;1;8.58
i-2-8-100-12-1-l-2.cssp;A;1;1;876.42
i-2-8-100-12-1-l-2.cssp;Ad;1;1;246.18
i-2-8-100-12-1-l-2.cssp;P;1;1;778.1
i-2-8-100-12-1-l-2.cssp;Pd;1;1;49.96
i-2-8-100-12-1-l-3.cssp;A;1;1;1271.44
i-2-8-100-12-1-l-3.cssp;Ad;1;2;1800
i-2-8-100-12-1-l-3.cssp;P;1;1;914.58
i-2-8-100-12-1-l-3.cssp;Pd;1;1;1.04
i-2-8-100-12-1-l-4.cssp;A;1;1;1600.16
i-2-8-100-12-1-l-4.cssp;Ad;1;1;147.4
i-2-8-100-12-1-l-4.cssp;P;1;1;762.58
i-2-8-100-12-1-l-4.cssp;Pd;1;1;37.04
i-2-8-125-19-3-e-0.cssp;A;0;1.00E+20;1800
i-2-8-125-19-3-e-0.cssp;Ad;2;10;1800
i-2-8-125-19-3-e-0.cssp;P;0;4;1800
i-2-8-125-19-3-e-0.cssp;Pd;3;3;1541.08
i-2-8-125-19-3-e-1.cssp;A;0;6;1800
i-2-8-125-19-3-e-1.cssp;Ad;3;8;1800
i-2-8-125-19-3-e-1.cssp;P;0;4;1800
i-2-8-125-19-3-e-1.cssp;Pd;3;4;1800
i-2-8-125-19-3-e-2.cssp;A;0;8;1800
i-2-8-125-19-3-e-2.cssp;Ad;3;8;1800
i-2-8-125-19-3-e-2.cssp;P;0;4;1800
i-2-8-125-19-3-e-2.cssp;Pd;3;4;1800
i-2-8-125-19-3-e-3.cssp;A;0;10;1800
i-2-8-125-19-3-e-3.cssp;Ad;2;8;1800
i-2-8-125-19-3-e-3.cssp;P;0;4;1800
i-2-8-125-19-3-e-3.cssp;Pd;3;3;47.06
i-2-8-125-19-3-e-4.cssp;A;0;8;1800
i-2-8-125-19-3-e-4.cssp;Ad;2;7;1800
i-2-8-125-19-3-e-4.cssp;P;0;4;1800
i-2-8-125-19-3-e-4.cssp;Pd;3;4;1800
i-2-8-125-21-3-l-0.cssp;A;0;10;1800
i-2-8-125-21-3-l-0.cssp;Ad;3;9;1800
i-2-8-125-21-3-l-0.cssp;P;0;5;1573.26
i-2-8-125-21-3-l-0.cssp;Pd;3;5;1312.86
i-2-8-125-21-3-l-1.cssp;A;0;9;1800
i-2-8-125-21-3-l-1.cssp;Ad;3;9;1800
i-2-8-125-21-3-l-1.cssp;P;0;5;1646.12
i-2-8-125-21-3-l-1.cssp;Pd;3;3;124.34
i-2-8-125-21-3-l-2.cssp;A;0;9;1800
i-2-8-125-21-3-l-2.cssp;Ad;3;1.00E+20;1800
i-2-8-125-21-3-l-2.cssp;P;0;5;1469.72
i-2-8-125-21-3-l-2.cssp;Pd;3;4;1800
i-2-8-125-21-3-l-3.cssp;A;0;8;1800
i-2-8-125-21-3-l-3.cssp;Ad;3;9;1800
i-2-8-125-21-3-l-3.cssp;P;0;5;1498.76
i-2-8-125-21-3-l-3.cssp;Pd;3;4;1800
i-2-8-125-21-3-l-4.cssp;A;0;1.00E+20;1800
i-2-8-125-21-3-l-4.cssp;Ad;3;9;1800
i-2-8-125-21-3-l-4.cssp;P;0;4;1800
i-2-8-125-21-3-l-4.cssp;Pd;3;3;58.14
i-2-8-150-12-1-e-0.cssp;A;0;3;1800
i-2-8-150-12-1-e-0.cssp;Ad;1;1;1456.3
i-2-8-150-12-1-e-0.cssp;P;0;2;1800
i-2-8-150-12-1-e-0.cssp;Pd;1;1;98.24
i-2-8-150-12-1-e-1.cssp;A;0;1;1800
i-2-8-150-12-1-e-1.cssp;Ad;1;2;1800
i-2-8-150-12-1-e-1.cssp;P;0;2;1792.02
i-2-8-150-12-1-e-1.cssp;Pd;1;2;1800
i-2-8-150-12-1-e-2.cssp;A;0;7;1800
i-2-8-150-12-1-e-2.cssp;Ad;1;2;1800
i-2-8-150-12-1-e-2.cssp;P;0;2;1525.98
i-2-8-150-12-1-e-2.cssp;Pd;1;1;114.22
i-2-8-150-12-1-e-3.cssp;A;0;2;1800
i-2-8-150-12-1-e-3.cssp;Ad;1;1;1714.12
i-2-8-150-12-1-e-3.cssp;P;0;2;1800
i-2-8-150-12-1-e-3.cssp;Pd;1;1;1131.34
i-2-8-150-12-1-e-4.cssp;A;0;2;1800
i-2-8-150-12-1-e-4.cssp;Ad;1;1;694.84
i-2-8-150-12-1-e-4.cssp;P;0;2;1667.26
i-2-8-150-12-1-e-4.cssp;Pd;1;1;1173.38
i-2-8-150-13-1-l-0.cssp;A;0;6;1800
i-2-8-150-13-1-l-0.cssp;Ad;1;1;125.6
i-2-8-150-13-1-l-0.cssp;P;0;2;1800
i-2-8-150-13-1-l-0.cssp;Pd;1;1;441.46
i-2-8-150-13-1-l-1.cssp;A;0;3;1800
i-2-8-150-13-1-l-1.cssp;Ad;1;2;1800
i-2-8-150-13-1-l-1.cssp;P;0;2;1800
i-2-8-150-13-1-l-1.cssp;Pd;1;1;413.12
i-2-8-150-13-1-l-2.cssp;A;0;6;1800
i-2-8-150-13-1-l-2.cssp;Ad;1;1;715.8
i-2-8-150-13-1-l-2.cssp;P;0;2;1645.54
i-2-8-150-13-1-l-2.cssp;Pd;1;1;460.96
i-2-8-150-13-1-l-3.cssp;A;0;2;1800
i-2-8-150-13-1-l-3.cssp;Ad;1;2;1800
i-2-8-150-13-1-l-3.cssp;P;0;2;1800
i-2-8-150-13-1-l-3.cssp;Pd;1;3;983.32
i-2-8-150-13-1-l-4.cssp;A;0;4;1800
i-2-8-150-13-1-l-4.cssp;Ad;1;2;1800
i-2-8-150-13-1-l-4.cssp;P;0;2;1800
i-2-8-150-13-1-l-4.cssp;Pd;1;1;527.84
i-2-8-50-13-2-e-0.cssp;A;2;2;1114.08
i-2-8-50-13-2-e-0.cssp;Ad;2;2;74.82
i-2-8-50-13-2-e-0.cssp;P;2;2;72.4
i-2-8-50-13-2-e-0.cssp;Pd;2;2;62.26
i-2-8-50-13-2-e-1.cssp;A;1;2;1800
i-2-8-50-13-2-e-1.cssp;Ad;2;2;130.4
i-2-8-50-13-2-e-1.cssp;P;2;2;117.54
i-2-8-50-13-2-e-1.cssp;Pd;2;2;62.38
i-2-8-50-13-2-e-2.cssp;A;1;2;1800
i-2-8-50-13-2-e-2.cssp;Ad;2;2;254.32
i-2-8-50-13-2-e-2.cssp;P;2;2;172.44
i-2-8-50-13-2-e-2.cssp;Pd;2;2;104.5
i-2-8-50-13-2-e-3.cssp;A;2;2;598.86
i-2-8-50-13-2-e-3.cssp;Ad;2;2;72.56
i-2-8-50-13-2-e-3.cssp;P;2;2;105.44
i-2-8-50-13-2-e-3.cssp;Pd;2;2;77.12
i-2-8-50-13-2-e-4.cssp;A;0;2;1800
i-2-8-50-13-2-e-4.cssp;Ad;2;2;339.76
i-2-8-50-13-2-e-4.cssp;P;2;2;104.66
i-2-8-50-13-2-e-4.cssp;Pd;2;2;3.32
i-2-8-50-15-2-l-0.cssp;A;2;2;1241.38
i-2-8-50-15-2-l-0.cssp;Ad;2;3;1800
i-2-8-50-15-2-l-0.cssp;P;2;2;166.1
i-2-8-50-15-2-l-0.cssp;Pd;2;2;27.72
i-2-8-50-15-2-l-1.cssp;A;2;2;1106.2
i-2-8-50-15-2-l-1.cssp;Ad;2;2;129.9
i-2-8-50-15-2-l-1.cssp;P;2;2;130.14
i-2-8-50-15-2-l-1.cssp;Pd;2;2;2.96
i-2-8-50-15-2-l-2.cssp;A;0.197456;2;1800
i-2-8-50-15-2-l-2.cssp;Ad;2;2;773.46
i-2-8-50-15-2-l-2.cssp;P;2;2;180.92
i-2-8-50-15-2-l-2.cssp;Pd;2;2;131.44
i-2-8-50-15-2-l-3.cssp;A;2;2;1229.52
i-2-8-50-15-2-l-3.cssp;Ad;2;2;694.64
i-2-8-50-15-2-l-3.cssp;P;2;2;131.8
i-2-8-50-15-2-l-3.cssp;Pd;2;2;49.9
i-2-8-50-15-2-l-4.cssp;A;2;2;1213.66
i-2-8-50-15-2-l-4.cssp;Ad;2;2;498.02
i-2-8-50-15-2-l-4.cssp;P;2;2;157.36
i-2-8-50-15-2-l-4.cssp;Pd;2;2;81.12
i-2-8-75-14-2-e-0.cssp;A;1;2;1800
i-2-8-75-14-2-e-0.cssp;Ad;2;3;1800
i-2-8-75-14-2-e-0.cssp;P;2;2;807.92
i-2-8-75-14-2-e-0.cssp;Pd;2;2;212.72
i-2-8-75-14-2-e-1.cssp;A;1;3;1800
i-2-8-75-14-2-e-1.cssp;Ad;2;3;1800
i-2-8-75-14-2-e-1.cssp;P;2;2;741.7
i-2-8-75-14-2-e-1.cssp;Pd;2;2;951.86
i-2-8-75-14-2-e-2.cssp;A;1;2;1800
i-2-8-75-14-2-e-2.cssp;Ad;2;2;1398.78
i-2-8-75-14-2-e-2.cssp;P;2;2;735.3
i-2-8-75-14-2-e-2.cssp;Pd;2;2;366.22
i-2-8-75-14-2-e-3.cssp;A;0;2;1800
i-2-8-75-14-2-e-3.cssp;Ad;2;3;1800
i-2-8-75-14-2-e-3.cssp;P;2;2;1231.7
i-2-8-75-14-2-e-3.cssp;Pd;2;2;16.4
i-2-8-75-14-2-e-4.cssp;A;0.00189666;2;1800
i-2-8-75-14-2-e-4.cssp;Ad;2;3;1800
i-2-8-75-14-2-e-4.cssp;P;2;2;788.76
i-2-8-75-14-2-e-4.cssp;Pd;2;2;1132.64
i-2-8-75-16-2-l-0.cssp;A;0.0421136;4;1800
i-2-8-75-16-2-l-0.cssp;Ad;2;4;1800
i-2-8-75-16-2-l-0.cssp;P;2;2;739.2
i-2-8-75-16-2-l-0.cssp;Pd;2;2;154.18
i-2-8-75-16-2-l-1.cssp;A;1;2;1800
i-2-8-75-16-2-l-1.cssp;Ad;2;3;1800
i-2-8-75-16-2-l-1.cssp;P;2;2;448.48
i-2-8-75-16-2-l-1.cssp;Pd;2;2;4.64
i-2-8-75-16-2-l-2.cssp;A;1;2;1800
i-2-8-75-16-2-l-2.cssp;Ad;2;2;260.52
i-2-8-75-16-2-l-2.cssp;P;2;2;978.44
i-2-8-75-16-2-l-2.cssp;Pd;2;2;920.26
i-2-8-75-16-2-l-3.cssp;A;1;2;1800
i-2-8-75-16-2-l-3.cssp;Ad;2;3;1800
i-2-8-75-16-2-l-3.cssp;P;0;4;909.12
i-2-8-75-16-2-l-3.cssp;Pd;2;2;133
i-2-8-75-16-2-l-4.cssp;A;1;2;1800
i-2-8-75-16-2-l-4.cssp;Ad;2;2;698.82
i-2-8-75-16-2-l-4.cssp;P;2;2;968.88
i-2-8-75-16-2-l-4.cssp;Pd;2;2;230.22
i-4-2-100-11-1-e-0.cssp;A;1;1;114.36
i-4-2-100-11-1-e-0.cssp;Ad;1;1;6.52
i-4-2-100-11-1-e-0.cssp;P;1;1;28.08
i-4-2-100-11-1-e-0.cssp;Pd;1;1;0
i-4-2-100-11-1-e-1.cssp;A;1;1;132.98
i-4-2-100-11-1-e-1.cssp;Ad;1;1;12.26
i-4-2-100-11-1-e-1.cssp;P;1;1;28.08
i-4-2-100-11-1-e-1.cssp;Pd;1;1;0.02
i-4-2-100-11-1-e-2.cssp;A;1;1;100.32
i-4-2-100-11-1-e-2.cssp;Ad;1;1;13.24
i-4-2-100-11-1-e-2.cssp;P;1;1;26.84
i-4-2-100-11-1-e-2.cssp;Pd;1;1;0
i-4-2-100-11-1-e-3.cssp;A;1;1;138.52
i-4-2-100-11-1-e-3.cssp;Ad;1;1;34.32
i-4-2-100-11-1-e-3.cssp;P;1;1;28.62
i-4-2-100-11-1-e-3.cssp;Pd;1;1;0.02
i-4-2-100-11-1-e-4.cssp;A;1;1;145.98
i-4-2-100-11-1-e-4.cssp;Ad;1;1;4.54
i-4-2-100-11-1-e-4.cssp;P;1;1;25.66
i-4-2-100-11-1-e-4.cssp;Pd;1;1;0
i-4-2-100-15-1-l-0.cssp;A;1;1;102.78
i-4-2-100-15-1-l-0.cssp;Ad;1;1;4.3
i-4-2-100-15-1-l-0.cssp;P;1;1;26.82
i-4-2-100-15-1-l-0.cssp;Pd;1;1;0
i-4-2-100-15-1-l-1.cssp;A;1;1;85.02
i-4-2-100-15-1-l-1.cssp;Ad;1;1;23.24
i-4-2-100-15-1-l-1.cssp;P;1;1;30.3
i-4-2-100-15-1-l-1.cssp;Pd;1;1;0
i-4-2-100-15-1-l-2.cssp;A;1;1;128.78
i-4-2-100-15-1-l-2.cssp;Ad;1;1;0.72
i-4-2-100-15-1-l-2.cssp;P;1;1;27.64
i-4-2-100-15-1-l-2.cssp;Pd;1;1;0
i-4-2-100-15-1-l-3.cssp;A;1;1;128.02
i-4-2-100-15-1-l-3.cssp;Ad;1;1;1.06
i-4-2-100-15-1-l-3.cssp;P;1;1;31.24
i-4-2-100-15-1-l-3.cssp;Pd;1;1;0.02
i-4-2-100-15-1-l-4.cssp;A;1;1;177.04
i-4-2-100-15-1-l-4.cssp;Ad;1;1;6.8
i-4-2-100-15-1-l-4.cssp;P;1;1;28.88
i-4-2-100-15-1-l-4.cssp;Pd;1;1;0
i-4-2-125-16-2-e-0.cssp;A;1;2;1800
i-4-2-125-16-2-e-0.cssp;Ad;2;2;59.28
i-4-2-125-16-2-e-0.cssp;P;2;2;84.82
i-4-2-125-16-2-e-0.cssp;Pd;2;2;0.06
i-4-2-125-16-2-e-1.cssp;A;1;2;1800
i-4-2-125-16-2-e-1.cssp;Ad;2;3;1800
i-4-2-125-16-2-e-1.cssp;P;2;2;89.92
i-4-2-125-16-2-e-1.cssp;Pd;2;2;0
i-4-2-125-16-2-e-2.cssp;A;0;2;1800
i-4-2-125-16-2-e-2.cssp;Ad;2;2;75.26
i-4-2-125-16-2-e-2.cssp;P;2;2;93.82
i-4-2-125-16-2-e-2.cssp;Pd;2;2;0.02
i-4-2-125-16-2-e-3.cssp;A;1;2;1800
i-4-2-125-16-2-e-3.cssp;Ad;2;2;6.34
i-4-2-125-16-2-e-3.cssp;P;2;2;70.58
i-4-2-125-16-2-e-3.cssp;Pd;2;2;0.12
i-4-2-125-16-2-e-4.cssp;A;1;1;514.56
i-4-2-125-16-2-e-4.cssp;Ad;1;1;1.34
i-4-2-125-16-2-e-4.cssp;P;1;1;56.66
i-4-2-125-16-2-e-4.cssp;Pd;1;1;0.02
i-4-2-125-21-2-l-0.cssp;A;1;2;1800
i-4-2-125-21-2-l-0.cssp;Ad;2;2;37.76
i-4-2-125-21-2-l-0.cssp;P;2;2;80.76
i-4-2-125-21-2-l-0.cssp;Pd;2;2;0.1
i-4-2-125-21-2-l-1.cssp;A;1;2;1800
i-4-2-125-21-2-l-1.cssp;Ad;2;2;153.94
i-4-2-125-21-2-l-1.cssp;P;2;2;74.32
i-4-2-125-21-2-l-1.cssp;Pd;2;2;0.02
i-4-2-125-21-2-l-2.cssp;A;1;2;1800
i-4-2-125-21-2-l-2.cssp;Ad;2;2;1.9
i-4-2-125-21-2-l-2.cssp;P;2;2;81.06
i-4-2-125-21-2-l-2.cssp;Pd;2;2;0
i-4-2-125-21-2-l-3.cssp;A;0;2;1800
i-4-2-125-21-2-l-3.cssp;Ad;2;2;40.9
i-4-2-125-21-2-l-3.cssp;P;2;2;88.78
i-4-2-125-21-2-l-3.cssp;Pd;2;2;0.14
i-4-2-125-21-2-l-4.cssp;A;1;2;1800
i-4-2-125-21-2-l-4.cssp;Ad;2;2;1006.64
i-4-2-125-21-2-l-4.cssp;P;2;2;82.9
i-4-2-125-21-2-l-4.cssp;Pd;2;2;0.04
i-4-2-150-12-1-e-0.cssp;A;1;1;384.66
i-4-2-150-12-1-e-0.cssp;Ad;1;1;86.76
i-4-2-150-12-1-e-0.cssp;P;1;1;117.98
i-4-2-150-12-1-e-0.cssp;Pd;1;1;0.04
i-4-2-150-12-1-e-1.cssp;A;1;1;706.54
i-4-2-150-12-1-e-1.cssp;Ad;1;1;42.56
i-4-2-150-12-1-e-1.cssp;P;1;1;121.74
i-4-2-150-12-1-e-1.cssp;Pd;1;1;0.12
i-4-2-150-12-1-e-2.cssp;A;1;1;552.94
i-4-2-150-12-1-e-2.cssp;Ad;1;1;59.5
i-4-2-150-12-1-e-2.cssp;P;1;1;111.52
i-4-2-150-12-1-e-2.cssp;Pd;1;1;0.16
i-4-2-150-12-1-e-3.cssp;A;1;1;533.42
i-4-2-150-12-1-e-3.cssp;Ad;1;1;57.2
i-4-2-150-12-1-e-3.cssp;P;1;1;115.12
i-4-2-150-12-1-e-3.cssp;Pd;1;1;0.2
i-4-2-150-12-1-e-4.cssp;A;1;1;492.06
i-4-2-150-12-1-e-4.cssp;Ad;1;1;1.72
i-4-2-150-12-1-e-4.cssp;P;1;1;102.92
i-4-2-150-12-1-e-4.cssp;Pd;1;1;0.04
i-4-2-150-16-1-l-0.cssp;A;1;2;1800
i-4-2-150-16-1-l-0.cssp;Ad;1;1;3.92
i-4-2-150-16-1-l-0.cssp;P;1;1;125.46
i-4-2-150-16-1-l-0.cssp;Pd;1;1;0.02
i-4-2-150-16-1-l-1.cssp;A;1;1;706.74
i-4-2-150-16-1-l-1.cssp;Ad;1;1;102.64
i-4-2-150-16-1-l-1.cssp;P;1;1;136.36
i-4-2-150-16-1-l-1.cssp;Pd;1;1;0.02
i-4-2-150-16-1-l-2.cssp;A;1;1;517.04
i-4-2-150-16-1-l-2.cssp;Ad;1;1;2.96
i-4-2-150-16-1-l-2.cssp;P;1;1;133.76
i-4-2-150-16-1-l-2.cssp;Pd;1;1;0.02
i-4-2-150-16-1-l-3.cssp;A;1;1;251.02
i-4-2-150-16-1-l-3.cssp;Ad;1;1;17.1
i-4-2-150-16-1-l-3.cssp;P;1;1;139.1
i-4-2-150-16-1-l-3.cssp;Pd;1;1;0.02
i-4-2-150-16-1-l-4.cssp;A;1;1;525.52
i-4-2-150-16-1-l-4.cssp;Ad;1;1;44.52
i-4-2-150-16-1-l-4.cssp;P;1;1;131.06
i-4-2-150-16-1-l-4.cssp;Pd;1;1;0.02
i-4-2-50-15-2-e-0.cssp;A;2;2;263.14
i-4-2-50-15-2-e-0.cssp;Ad;2;2;25.36
i-4-2-50-15-2-e-0.cssp;P;2;2;2.44
i-4-2-50-15-2-e-0.cssp;Pd;2;2;0
i-4-2-50-15-2-e-1.cssp;A;2;2;754.74
i-4-2-50-15-2-e-1.cssp;Ad;2;2;25.18
i-4-2-50-15-2-e-1.cssp;P;2;2;2.88
i-4-2-50-15-2-e-1.cssp;Pd;2;2;0.04
i-4-2-50-15-2-e-2.cssp;A;1;2;1800
i-4-2-50-15-2-e-2.cssp;Ad;2;2;4.66
i-4-2-50-15-2-e-2.cssp;P;2;2;3.06
i-4-2-50-15-2-e-2.cssp;Pd;2;2;0
i-4-2-50-15-2-e-3.cssp;A;1;2;1800
i-4-2-50-15-2-e-3.cssp;Ad;2;2;0.86
i-4-2-50-15-2-e-3.cssp;P;2;2;2.66
i-4-2-50-15-2-e-3.cssp;Pd;2;2;0.04
i-4-2-50-15-2-e-4.cssp;A;1;1;18.06
i-4-2-50-15-2-e-4.cssp;Ad;1;1;0.48
i-4-2-50-15-2-e-4.cssp;P;1;1;2.14
i-4-2-50-15-2-e-4.cssp;Pd;1;1;0
i-4-2-50-19-2-l-0.cssp;A;2;2;486.52
i-4-2-50-19-2-l-0.cssp;Ad;2;2;26.62
i-4-2-50-19-2-l-0.cssp;P;2;2;2.34
i-4-2-50-19-2-l-0.cssp;Pd;2;2;0
i-4-2-50-19-2-l-1.cssp;A;2;2;113.78
i-4-2-50-19-2-l-1.cssp;Ad;2;2;3.7
i-4-2-50-19-2-l-1.cssp;P;2;2;2.16
i-4-2-50-19-2-l-1.cssp;Pd;2;2;0
i-4-2-50-19-2-l-2.cssp;A;2;2;275.02
i-4-2-50-19-2-l-2.cssp;Ad;2;2;0.66
i-4-2-50-19-2-l-2.cssp;P;2;2;2.06
i-4-2-50-19-2-l-2.cssp;Pd;2;2;0
i-4-2-50-19-2-l-3.cssp;A;2;2;140.98
i-4-2-50-19-2-l-3.cssp;Ad;2;2;43.34
i-4-2-50-19-2-l-3.cssp;P;2;2;1.66
i-4-2-50-19-2-l-3.cssp;Pd;2;2;0
i-4-2-50-19-2-l-4.cssp;A;2;2;126.98
i-4-2-50-19-2-l-4.cssp;Ad;2;2;10.26
i-4-2-50-19-2-l-4.cssp;P;2;2;2.18
i-4-2-50-19-2-l-4.cssp;Pd;2;2;0
i-4-2-75-11-1-e-0.cssp;A;1;1;18.08
i-4-2-75-11-1-e-0.cssp;Ad;1;1;32.04
i-4-2-75-11-1-e-0.cssp;P;1;1;9.84
i-4-2-75-11-1-e-0.cssp;Pd;1;1;0
i-4-2-75-11-1-e-1.cssp;A;1;1;42.68
i-4-2-75-11-1-e-1.cssp;Ad;1;1;1.06
i-4-2-75-11-1-e-1.cssp;P;1;1;10
i-4-2-75-11-1-e-1.cssp;Pd;1;1;0
i-4-2-75-11-1-e-2.cssp;A;1;1;30.48
i-4-2-75-11-1-e-2.cssp;Ad;1;1;2.06
i-4-2-75-11-1-e-2.cssp;P;1;1;8.84
i-4-2-75-11-1-e-2.cssp;Pd;1;1;0.02
i-4-2-75-11-1-e-3.cssp;A;1;1;60.3
i-4-2-75-11-1-e-3.cssp;Ad;1;1;1.14
i-4-2-75-11-1-e-3.cssp;P;1;1;8.64
i-4-2-75-11-1-e-3.cssp;Pd;1;1;0.02
i-4-2-75-11-1-e-4.cssp;A;1;1;29.36
i-4-2-75-11-1-e-4.cssp;Ad;1;1;1.18
i-4-2-75-11-1-e-4.cssp;P;1;1;9
i-4-2-75-11-1-e-4.cssp;Pd;1;1;0.04
i-4-2-75-15-1-l-0.cssp;A;1;1;58.5
i-4-2-75-15-1-l-0.cssp;Ad;1;1;94.02
i-4-2-75-15-1-l-0.cssp;P;1;1;10.2
i-4-2-75-15-1-l-0.cssp;Pd;1;1;0.04
i-4-2-75-15-1-l-1.cssp;A;1;2;1800
i-4-2-75-15-1-l-1.cssp;Ad;1;1;3.78
i-4-2-75-15-1-l-1.cssp;P;1;1;10.92
i-4-2-75-15-1-l-1.cssp;Pd;1;1;0
i-4-2-75-15-1-l-2.cssp;A;1;1;56.36
i-4-2-75-15-1-l-2.cssp;Ad;1;1;0.4
i-4-2-75-15-1-l-2.cssp;P;1;1;9.8
i-4-2-75-15-1-l-2.cssp;Pd;1;1;0
i-4-2-75-15-1-l-3.cssp;A;1;1;651.6
i-4-2-75-15-1-l-3.cssp;Ad;1;1;0.26
i-4-2-75-15-1-l-3.cssp;P;1;1;10.16
i-4-2-75-15-1-l-3.cssp;Pd;1;1;0
i-4-2-75-15-1-l-4.cssp;A;1;1;160.16
i-4-2-75-15-1-l-4.cssp;Ad;1;1;0.34
i-4-2-75-15-1-l-4.cssp;P;1;1;10.24
i-4-2-75-15-1-l-4.cssp;Pd;1;1;0
i-4-4-100-7-1-e-0.cssp;A;1;1;467.08
i-4-4-100-7-1-e-0.cssp;Ad;1;1;49.66
i-4-4-100-7-1-e-0.cssp;P;1;1;124.24
i-4-4-100-7-1-e-0.cssp;Pd;1;1;0.44
i-4-4-100-7-1-e-1.cssp;A;1;1;1230.12
i-4-4-100-7-1-e-1.cssp;Ad;1;1;85.3
i-4-4-100-7-1-e-1.cssp;P;1;1;119.86
i-4-4-100-7-1-e-1.cssp;Pd;1;1;0.34
i-4-4-100-7-1-e-2.cssp;A;1;1;593.22
i-4-4-100-7-1-e-2.cssp;Ad;1;1;84.58
i-4-4-100-7-1-e-2.cssp;P;1;1;134.28
i-4-4-100-7-1-e-2.cssp;Pd;1;1;0.34
i-4-4-100-7-1-e-3.cssp;A;1;1;568.58
i-4-4-100-7-1-e-3.cssp;Ad;1;1;101.06
i-4-4-100-7-1-e-3.cssp;P;1;1;151.72
i-4-4-100-7-1-e-3.cssp;Pd;1;1;10.06
i-4-4-100-7-1-e-4.cssp;A;1;1;1285.88
i-4-4-100-7-1-e-4.cssp;Ad;1;1;15.32
i-4-4-100-7-1-e-4.cssp;P;1;1;157.4
i-4-4-100-7-1-e-4.cssp;Pd;1;1;1.66
i-4-4-100-9-1-l-0.cssp;A;1;1;549.38
i-4-4-100-9-1-l-0.cssp;Ad;1;1;66.36
i-4-4-100-9-1-l-0.cssp;P;1;1;232.8
i-4-4-100-9-1-l-0.cssp;Pd;1;1;0.02
i-4-4-100-9-1-l-1.cssp;A;1;1;310.42
i-4-4-100-9-1-l-1.cssp;Ad;1;1;66.04
i-4-4-100-9-1-l-1.cssp;P;1;1;137.16
i-4-4-100-9-1-l-1.cssp;Pd;1;1;0.02
i-4-4-100-9-1-l-2.cssp;A;1;1;566.02
i-4-4-100-9-1-l-2.cssp;Ad;1;1;1.46
i-4-4-100-9-1-l-2.cssp;P;1;1;210.64
i-4-4-100-9-1-l-2.cssp;Pd;1;1;0.04
i-4-4-100-9-1-l-3.cssp;A;1;1;1184.6
i-4-4-100-9-1-l-3.cssp;Ad;1;1;161.88
i-4-4-100-9-1-l-3.cssp;P;1;1;251.98
i-4-4-100-9-1-l-3.cssp;Pd;1;1;0.02
i-4-4-100-9-1-l-4.cssp;A;1;1;379.28
i-4-4-100-9-1-l-4.cssp;Ad;1;1;112.12
i-4-4-100-9-1-l-4.cssp;P;1;1;121.68
i-4-4-100-9-1-l-4.cssp;Pd;1;1;0.02
i-4-4-125-16-4-e-0.cssp;A;0;8;1800
i-4-4-125-16-4-e-0.cssp;Ad;4;5;1800
i-4-4-125-16-4-e-0.cssp;P;4;4;742.3
i-4-4-125-16-4-e-0.cssp;Pd;4;4;12.68
i-4-4-125-16-4-e-1.cssp;A;0;5;1800
i-4-4-125-16-4-e-1.cssp;Ad;4;8;1800
i-4-4-125-16-4-e-1.cssp;P;4;4;527.96
i-4-4-125-16-4-e-1.cssp;Pd;4;4;598.94
i-4-4-125-16-4-e-2.cssp;A;0;10;1800
i-4-4-125-16-4-e-2.cssp;Ad;3;5;1800
i-4-4-125-16-4-e-2.cssp;P;4;4;547.7
i-4-4-125-16-4-e-2.cssp;Pd;4;4;17.4
i-4-4-125-16-4-e-3.cssp;A;0;4;1800
i-4-4-125-16-4-e-3.cssp;Ad;4;5;1800
i-4-4-125-16-4-e-3.cssp;P;4;4;354.98
i-4-4-125-16-4-e-3.cssp;Pd;4;4;32.48
i-4-4-125-16-4-e-4.cssp;A;0;5;1800
i-4-4-125-16-4-e-4.cssp;Ad;3;5;1800
i-4-4-125-16-4-e-4.cssp;P;4;4;386.72
i-4-4-125-16-4-e-4.cssp;Pd;4;4;788.42
i-4-4-125-18-4-l-0.cssp;A;0;9;1800
i-4-4-125-18-4-l-0.cssp;Ad;4;4;155.64
i-4-4-125-18-4-l-0.cssp;P;4;4;803.64
i-4-4-125-18-4-l-0.cssp;Pd;4;4;15.38
i-4-4-125-18-4-l-1.cssp;A;0;8;1800
i-4-4-125-18-4-l-1.cssp;Ad;4;8;1800
i-4-4-125-18-4-l-1.cssp;P;4;4;586.1
i-4-4-125-18-4-l-1.cssp;Pd;4;4;9.58
i-4-4-125-18-4-l-2.cssp;A;0;9;1800
i-4-4-125-18-4-l-2.cssp;Ad;4;5;1800
i-4-4-125-18-4-l-2.cssp;P;4;4;669.36
i-4-4-125-18-4-l-2.cssp;Pd;4;4;54.54
i-4-4-125-18-4-l-3.cssp;A;0;10;1800
i-4-4-125-18-4-l-3.cssp;Ad;4;4;1501.52
i-4-4-125-18-4-l-3.cssp;P;4;4;511.2
i-4-4-125-18-4-l-3.cssp;Pd;4;4;12.18
i-4-4-125-18-4-l-4.cssp;A;0;8;1800
i-4-4-125-18-4-l-4.cssp;Ad;4;4;1616.9
i-4-4-125-18-4-l-4.cssp;P;4;4;561.26
i-4-4-125-18-4-l-4.cssp;Pd;4;4;7.34
i-4-4-150-8-1-e-0.cssp;A;0;1;1800
i-4-4-150-8-1-e-0.cssp;Ad;1;1;157.62
i-4-4-150-8-1-e-0.cssp;P;1;1;654
i-4-4-150-8-1-e-0.cssp;Pd;1;1;0.94
i-4-4-150-8-1-e-1.cssp;A;0;1;1800
i-4-4-150-8-1-e-1.cssp;Ad;1;2;1800
i-4-4-150-8-1-e-1.cssp;P;1;1;715.66
i-4-4-150-8-1-e-1.cssp;Pd;1;1;4.18
i-4-4-150-8-1-e-2.cssp;A;0;1;1800
i-4-4-150-8-1-e-2.cssp;Ad;1;1;210.62
i-4-4-150-8-1-e-2.cssp;P;1;1;892.3
i-4-4-150-8-1-e-2.cssp;Pd;1;1;1.54
i-4-4-150-8-1-e-3.cssp;A;0;1;1800
i-4-4-150-8-1-e-3.cssp;Ad;1;2;1800
i-4-4-150-8-1-e-3.cssp;P;1;1;1108.38
i-4-4-150-8-1-e-3.cssp;Pd;1;1;2.38
i-4-4-150-8-1-e-4.cssp;A;0;1;1800
i-4-4-150-8-1-e-4.cssp;Ad;1;2;1800
i-4-4-150-8-1-e-4.cssp;P;1;1;652.34
i-4-4-150-8-1-e-4.cssp;Pd;1;1;6.56
i-4-4-150-9-1-l-0.cssp;A;0;1;1800
i-4-4-150-9-1-l-0.cssp;Ad;1;1;22.26
i-4-4-150-9-1-l-0.cssp;P;1;1;1041.42
i-4-4-150-9-1-l-0.cssp;Pd;1;1;0.78
i-4-4-150-9-1-l-1.cssp;A;0;2;1800
i-4-4-150-9-1-l-1.cssp;Ad;1;1;245.4
i-4-4-150-9-1-l-1.cssp;P;1;1;942.44
i-4-4-150-9-1-l-1.cssp;Pd;1;1;0.04
i-4-4-150-9-1-l-2.cssp;A;0;1;1800
i-4-4-150-9-1-l-2.cssp;Ad;1;1;2.72
i-4-4-150-9-1-l-2.cssp;P;1;1;890.68
i-4-4-150-9-1-l-2.cssp;Pd;1;1;0.06
i-4-4-150-9-1-l-3.cssp;A;0;2;1800
i-4-4-150-9-1-l-3.cssp;Ad;1;1;146.42
i-4-4-150-9-1-l-3.cssp;P;1;1;1101
i-4-4-150-9-1-l-3.cssp;Pd;1;1;0.44
i-4-4-150-9-1-l-4.cssp;A;1;1;1588.16
i-4-4-150-9-1-l-4.cssp;Ad;1;1;10.62
i-4-4-150-9-1-l-4.cssp;P;1;1;645.38
i-4-4-150-9-1-l-4.cssp;Pd;1;1;1.94
i-4-4-50-17-5-e-0.cssp;A;2;5;1800
i-4-4-50-17-5-e-0.cssp;Ad;5;5;586.6
i-4-4-50-17-5-e-0.cssp;P;5;5;15.5
i-4-4-50-17-5-e-0.cssp;Pd;5;5;15.82
i-4-4-50-17-5-e-1.cssp;A;2;5;1800
i-4-4-50-17-5-e-1.cssp;Ad;5;5;347.76
i-4-4-50-17-5-e-1.cssp;P;5;5;22.72
i-4-4-50-17-5-e-1.cssp;Pd;5;5;0.28
i-4-4-50-17-5-e-2.cssp;A;2;5;1800
i-4-4-50-17-5-e-2.cssp;Ad;5;6;1800
i-4-4-50-17-5-e-2.cssp;P;5;5;9.12
i-4-4-50-17-5-e-2.cssp;Pd;5;5;7.48
i-4-4-50-17-5-e-3.cssp;A;2;5;1800
i-4-4-50-17-5-e-3.cssp;Ad;5;5;293.52
i-4-4-50-17-5-e-3.cssp;P;5;5;14.18
i-4-4-50-17-5-e-3.cssp;Pd;5;5;18.14
i-4-4-50-17-5-e-4.cssp;A;2;5;1800
i-4-4-50-17-5-e-4.cssp;Ad;4;5;1800
i-4-4-50-17-5-e-4.cssp;P;5;5;14.64
i-4-4-50-17-5-e-4.cssp;Pd;5;5;0.56
i-4-4-50-19-5-l-0.cssp;A;3;5;1800
i-4-4-50-19-5-l-0.cssp;Ad;5;6;1800
i-4-4-50-19-5-l-0.cssp;P;5;5;13.34
i-4-4-50-19-5-l-0.cssp;Pd;5;5;1.44
i-4-4-50-19-5-l-1.cssp;A;3;5;1800
i-4-4-50-19-5-l-1.cssp;Ad;5;5;674.18
i-4-4-50-19-5-l-1.cssp;P;5;5;9.88
i-4-4-50-19-5-l-1.cssp;Pd;5;5;0.28
i-4-4-50-19-5-l-2.cssp;A;2;5;1800
i-4-4-50-19-5-l-2.cssp;Ad;5;5;1542.48
i-4-4-50-19-5-l-2.cssp;P;5;5;12.2
i-4-4-50-19-5-l-2.cssp;Pd;5;5;1.98
i-4-4-50-19-5-l-3.cssp;A;2;5;1800
i-4-4-50-19-5-l-3.cssp;Ad;5;5;57.04
i-4-4-50-19-5-l-3.cssp;P;5;5;9.12
i-4-4-50-19-5-l-3.cssp;Pd;5;5;3.4
i-4-4-50-19-5-l-4.cssp;A;2;5;1800
i-4-4-50-19-5-l-4.cssp;Ad;5;5;217.78
i-4-4-50-19-5-l-4.cssp;P;5;5;24.62
i-4-4-50-19-5-l-4.cssp;Pd;5;5;1.48
i-4-4-75-10-2-e-0.cssp;A;1;2;1800
i-4-4-75-10-2-e-0.cssp;Ad;2;2;462.98
i-4-4-75-10-2-e-0.cssp;P;2;2;200.82
i-4-4-75-10-2-e-0.cssp;Pd;2;2;9.14
i-4-4-75-10-2-e-1.cssp;A;1;2;1800
i-4-4-75-10-2-e-1.cssp;Ad;2;2;541.28
i-4-4-75-10-2-e-1.cssp;P;2;2;77.5
i-4-4-75-10-2-e-1.cssp;Pd;2;2;10.3
i-4-4-75-10-2-e-2.cssp;A;1;2;1800
i-4-4-75-10-2-e-2.cssp;Ad;2;2;241.28
i-4-4-75-10-2-e-2.cssp;P;2;2;53.52
i-4-4-75-10-2-e-2.cssp;Pd;2;2;3.36
i-4-4-75-10-2-e-3.cssp;A;1;2;1800
i-4-4-75-10-2-e-3.cssp;Ad;2;2;12.54
i-4-4-75-10-2-e-3.cssp;P;2;2;66.2
i-4-4-75-10-2-e-3.cssp;Pd;2;2;34.72
i-4-4-75-10-2-e-4.cssp;A;0;2;1800
i-4-4-75-10-2-e-4.cssp;Ad;2;2;149.3
i-4-4-75-10-2-e-4.cssp;P;2;2;114.44
i-4-4-75-10-2-e-4.cssp;Pd;2;2;11.36
i-4-4-75-11-2-l-0.cssp;A;1;2;1800
i-4-4-75-11-2-l-0.cssp;Ad;2;3;1800
i-4-4-75-11-2-l-0.cssp;P;2;2;61.34
i-4-4-75-11-2-l-0.cssp;Pd;2;2;1.06
i-4-4-75-11-2-l-1.cssp;A;1;2;1800
i-4-4-75-11-2-l-1.cssp;Ad;2;2;245.42
i-4-4-75-11-2-l-1.cssp;P;2;2;71.66
i-4-4-75-11-2-l-1.cssp;Pd;2;2;1.6
i-4-4-75-11-2-l-2.cssp;A;0.629231;2;1800
i-4-4-75-11-2-l-2.cssp;Ad;2;2;87.32
i-4-4-75-11-2-l-2.cssp;P;2;2;102.72
i-4-4-75-11-2-l-2.cssp;Pd;2;2;0.88
i-4-4-75-11-2-l-3.cssp;A;1;2;1800
i-4-4-75-11-2-l-3.cssp;Ad;2;2;284.54
i-4-4-75-11-2-l-3.cssp;P;2;2;67.2
i-4-4-75-11-2-l-3.cssp;Pd;2;2;0.5
i-4-4-75-11-2-l-4.cssp;A;0.468878;2;1800
i-4-4-75-11-2-l-4.cssp;Ad;2;3;1800
i-4-4-75-11-2-l-4.cssp;P;2;2;116.4
i-4-4-75-11-2-l-4.cssp;Pd;2;2;0.52
i-4-8-100-6-1-e-0.cssp;A;1;1;983.26
i-4-8-100-6-1-e-0.cssp;Ad;1;2;1800
i-4-8-100-6-1-e-0.cssp;P;1;1;629.32
i-4-8-100-6-1-e-0.cssp;Pd;1;1;281.64
i-4-8-100-6-1-e-1.cssp;A;0.0249637;2;1800
i-4-8-100-6-1-e-1.cssp;Ad;1;2;1800
i-4-8-100-6-1-e-1.cssp;P;0;2;934.06
i-4-8-100-6-1-e-1.cssp;Pd;1;1;730.22
i-4-8-100-6-1-e-2.cssp;A;0;1;1800
i-4-8-100-6-1-e-2.cssp;Ad;1;1;913.1
i-4-8-100-6-1-e-2.cssp;P;1;1;1094.14
i-4-8-100-6-1-e-2.cssp;Pd;1;1;1520.16
i-4-8-100-6-1-e-3.cssp;A;0;1;1800
i-4-8-100-6-1-e-3.cssp;Ad;1;1;184.72
i-4-8-100-6-1-e-3.cssp;P;0;2;1041.92
i-4-8-100-6-1-e-3.cssp;Pd;1;1;54.36
i-4-8-100-6-1-e-4.cssp;A;0;1;1800
i-4-8-100-6-1-e-4.cssp;Ad;1;1;1012.38
i-4-8-100-6-1-e-4.cssp;P;0;2;1241.6
i-4-8-100-6-1-e-4.cssp;Pd;1;2;1800
i-4-8-100-7-1-l-0.cssp;A;0;1;1800
i-4-8-100-7-1-l-0.cssp;Ad;1;1;188.68
i-4-8-100-7-1-l-0.cssp;P;1;1;1363.88
i-4-8-100-7-1-l-0.cssp;Pd;1;1;5.1
i-4-8-100-7-1-l-1.cssp;A;1;1;601.38
i-4-8-100-7-1-l-1.cssp;Ad;1;2;1800
i-4-8-100-7-1-l-1.cssp;P;1;1;578.82
i-4-8-100-7-1-l-1.cssp;Pd;1;1;4.6
i-4-8-100-7-1-l-2.cssp;A;1;1;1662.2
i-4-8-100-7-1-l-2.cssp;Ad;1;2;1800
i-4-8-100-7-1-l-2.cssp;P;1;1;1120.36
i-4-8-100-7-1-l-2.cssp;Pd;1;1;0.3
i-4-8-100-7-1-l-3.cssp;A;0;2;1800
i-4-8-100-7-1-l-3.cssp;Ad;1;1;102.78
i-4-8-100-7-1-l-3.cssp;P;1;1;1548.24
i-4-8-100-7-1-l-3.cssp;Pd;1;1;1.92
i-4-8-100-7-1-l-4.cssp;A;1;1;1468.22
i-4-8-100-7-1-l-4.cssp;Ad;1;1;153.42
i-4-8-100-7-1-l-4.cssp;P;1;1;1548.28
i-4-8-100-7-1-l-4.cssp;Pd;1;1;1.62
i-4-8-125-15-5-e-0.cssp;A;0;12;1800
i-4-8-125-15-5-e-0.cssp;Ad;4;10;1800
i-4-8-125-15-5-e-0.cssp;P;0;7;1353.44
i-4-8-125-15-5-e-0.cssp;Pd;4;6;1800
i-4-8-125-15-5-e-1.cssp;A;0;11;1800
i-4-8-125-15-5-e-1.cssp;Ad;4;10;1800
i-4-8-125-15-5-e-1.cssp;P;0;7;1385.94
i-4-8-125-15-5-e-1.cssp;Pd;4;7;1555.86
i-4-8-125-15-5-e-2.cssp;A;0;1.00E+20;1800
i-4-8-125-15-5-e-2.cssp;Ad;4;9;1800
i-4-8-125-15-5-e-2.cssp;P;0;7;1763.46
i-4-8-125-15-5-e-2.cssp;Pd;4;6;1518.1
i-4-8-125-15-5-e-3.cssp;A;0;1.00E+20;1800
i-4-8-125-15-5-e-3.cssp;Ad;4;11;1800
i-4-8-125-15-5-e-3.cssp;P;0;7;1343.52
i-4-8-125-15-5-e-3.cssp;Pd;4;6;1800
i-4-8-125-15-5-e-4.cssp;A;0;10;1800
i-4-8-125-15-5-e-4.cssp;Ad;4;11;1800
i-4-8-125-15-5-e-4.cssp;P;0;6;1517.28
i-4-8-125-15-5-e-4.cssp;Pd;4;6;1800
i-4-8-125-16-5-l-0.cssp;A;0;11;1800
i-4-8-125-16-5-l-0.cssp;Ad;4;11;1800
i-4-8-125-16-5-l-0.cssp;P;0;7;1800
i-4-8-125-16-5-l-0.cssp;Pd;4;7;1693.54
i-4-8-125-16-5-l-1.cssp;A;0;1.00E+20;1800
i-4-8-125-16-5-l-1.cssp;Ad;4;12;1800
i-4-8-125-16-5-l-1.cssp;P;0;7;1800
i-4-8-125-16-5-l-1.cssp;Pd;4;7;1800
i-4-8-125-16-5-l-2.cssp;A;0;10;1800
i-4-8-125-16-5-l-2.cssp;Ad;4;11;1800
i-4-8-125-16-5-l-2.cssp;P;0;7;1800
i-4-8-125-16-5-l-2.cssp;Pd;4;7;1427.62
i-4-8-125-16-5-l-3.cssp;A;0;11;1800
i-4-8-125-16-5-l-3.cssp;Ad;4;10;1800
i-4-8-125-16-5-l-3.cssp;P;0;7;1800
i-4-8-125-16-5-l-3.cssp;Pd;4;7;1580.74
i-4-8-125-16-5-l-4.cssp;A;0;1.00E+20;1800
i-4-8-125-16-5-l-4.cssp;Ad;4;10;1800
i-4-8-125-16-5-l-4.cssp;P;0;7;1800
i-4-8-125-16-5-l-4.cssp;Pd;4;6;1800
i-4-8-150-11-3-e-0.cssp;A;0;8;1800
i-4-8-150-11-3-e-0.cssp;Ad;2;6;1800
i-4-8-150-11-3-e-0.cssp;P;0;5;1114.2
i-4-8-150-11-3-e-0.cssp;Pd;3;4;1800
i-4-8-150-11-3-e-1.cssp;A;0;7;1800
i-4-8-150-11-3-e-1.cssp;Ad;2;7;1800
i-4-8-150-11-3-e-1.cssp;P;0;5;1057.96
i-4-8-150-11-3-e-1.cssp;Pd;3;4;1800
i-4-8-150-11-3-e-2.cssp;A;0;6;1800
i-4-8-150-11-3-e-2.cssp;Ad;2;5;1800
i-4-8-150-11-3-e-2.cssp;P;0;5;1373.16
i-4-8-150-11-3-e-2.cssp;Pd;3;4;1800
i-4-8-150-11-3-e-3.cssp;A;0;6;1800
i-4-8-150-11-3-e-3.cssp;Ad;2;5;1800
i-4-8-150-11-3-e-3.cssp;P;0;5;1086.76
i-4-8-150-11-3-e-3.cssp;Pd;3;4;1800
i-4-8-150-11-3-e-4.cssp;A;0;7;1800
i-4-8-150-11-3-e-4.cssp;Ad;2;7;1800
i-4-8-150-11-3-e-4.cssp;P;0;5;822.38
i-4-8-150-11-3-e-4.cssp;Pd;3;4;1800
i-4-8-150-12-3-l-0.cssp;A;0;8;1800
i-4-8-150-12-3-l-0.cssp;Ad;3;9;1800
i-4-8-150-12-3-l-0.cssp;P;0;5;1642.02
i-4-8-150-12-3-l-0.cssp;Pd;3;4;1800
i-4-8-150-12-3-l-1.cssp;A;0;8;1800
i-4-8-150-12-3-l-1.cssp;Ad;3;7;1800
i-4-8-150-12-3-l-1.cssp;P;0;5;1236.3
i-4-8-150-12-3-l-1.cssp;Pd;3;4;1800
i-4-8-150-12-3-l-2.cssp;A;0;8;1800
i-4-8-150-12-3-l-2.cssp;Ad;3;8;1800
i-4-8-150-12-3-l-2.cssp;P;0;5;1558.52
i-4-8-150-12-3-l-2.cssp;Pd;3;5;1396.72
i-4-8-150-12-3-l-3.cssp;A;0;1.00E+20;1800
i-4-8-150-12-3-l-3.cssp;Ad;3;7;1800
i-4-8-150-12-3-l-3.cssp;P;0;5;1763.96
i-4-8-150-12-3-l-3.cssp;Pd;3;5;1309.92
i-4-8-150-12-3-l-4.cssp;A;0;1.00E+20;1800
i-4-8-150-12-3-l-4.cssp;Ad;3;8;1800
i-4-8-150-12-3-l-4.cssp;P;0;5;1800
i-4-8-150-12-3-l-4.cssp;Pd;3;5;1501.2
i-4-8-50-16-6-e-0.cssp;A;2;7;1800
i-4-8-50-16-6-e-0.cssp;Ad;5;8;1800
i-4-8-50-16-6-e-0.cssp;P;5;7;1590.64
i-4-8-50-16-6-e-0.cssp;Pd;5;7;1283.04
i-4-8-50-16-6-e-1.cssp;A;0;9;1800
i-4-8-50-16-6-e-1.cssp;Ad;5;8;1800
i-4-8-50-16-6-e-1.cssp;P;4;8;851
i-4-8-50-16-6-e-1.cssp;Pd;5;7;1196.04
i-4-8-50-16-6-e-2.cssp;A;0;10;1800
i-4-8-50-16-6-e-2.cssp;Ad;5;7;1800
i-4-8-50-16-6-e-2.cssp;P;5;7;1694.62
i-4-8-50-16-6-e-2.cssp;Pd;5;7;1051.02
i-4-8-50-16-6-e-3.cssp;A;1;8;1800
i-4-8-50-16-6-e-3.cssp;Ad;4;10;1800
i-4-8-50-16-6-e-3.cssp;P;5;7;1607.86
i-4-8-50-16-6-e-3.cssp;Pd;5;7;839.28
i-4-8-50-16-6-e-4.cssp;A;1;8;1800
i-4-8-50-16-6-e-4.cssp;Ad;5;8;1800
i-4-8-50-16-6-e-4.cssp;P;5;7;1334.56
i-4-8-50-16-6-e-4.cssp;Pd;5;7;1279.36
i-4-8-50-17-6-l-0.cssp;A;0;7;1800
i-4-8-50-17-6-l-0.cssp;Ad;5;9;1800
i-4-8-50-17-6-l-0.cssp;P;6;6;945.62
i-4-8-50-17-6-l-0.cssp;Pd;6;6;1267.6
i-4-8-50-17-6-l-1.cssp;A;3;8;1800
i-4-8-50-17-6-l-1.cssp;Ad;5;10;1800
i-4-8-50-17-6-l-1.cssp;P;5;8;1038.6
i-4-8-50-17-6-l-1.cssp;Pd;5;8;851.34
i-4-8-50-17-6-l-2.cssp;A;2;9;1800
i-4-8-50-17-6-l-2.cssp;Ad;5;10;1800
i-4-8-50-17-6-l-2.cssp;P;5;8;897.9
i-4-8-50-17-6-l-2.cssp;Pd;5;8;1117.66
i-4-8-50-17-6-l-3.cssp;A;2;8;1800
i-4-8-50-17-6-l-3.cssp;Ad;5;8;1800
i-4-8-50-17-6-l-3.cssp;P;5;8;1060.32
i-4-8-50-17-6-l-3.cssp;Pd;5;8;816.96
i-4-8-50-17-6-l-4.cssp;A;0;7;1800
i-4-8-50-17-6-l-4.cssp;Ad;5;8;1800
i-4-8-50-17-6-l-4.cssp;P;5;8;935.38
i-4-8-50-17-6-l-4.cssp;Pd;5;8;993.42
i-4-8-75-8-2-e-0.cssp;A;0.00682759;3;1800
i-4-8-75-8-2-e-0.cssp;Ad;2;3;1800
i-4-8-75-8-2-e-0.cssp;P;2;2;1374.48
i-4-8-75-8-2-e-0.cssp;Pd;2;2;1186.02
i-4-8-75-8-2-e-1.cssp;A;0;3;1800
i-4-8-75-8-2-e-1.cssp;Ad;2;2;296.54
i-4-8-75-8-2-e-1.cssp;P;2;2;1353.68
i-4-8-75-8-2-e-1.cssp;Pd;2;3;1800
i-4-8-75-8-2-e-2.cssp;A;0;2;1800
i-4-8-75-8-2-e-2.cssp;Ad;2;3;1800
i-4-8-75-8-2-e-2.cssp;P;2;2;1455.06
i-4-8-75-8-2-e-2.cssp;Pd;2;2;161.96
i-4-8-75-8-2-e-3.cssp;A;1;2;1800
i-4-8-75-8-2-e-3.cssp;Ad;2;2;293.56
i-4-8-75-8-2-e-3.cssp;P;2;2;1324.36
i-4-8-75-8-2-e-3.cssp;Pd;2;2;80.8
i-4-8-75-8-2-e-4.cssp;A;1;2;1800
i-4-8-75-8-2-e-4.cssp;Ad;2;3;1800
i-4-8-75-8-2-e-4.cssp;P;2;2;1035.94
i-4-8-75-8-2-e-4.cssp;Pd;2;3;1800
i-4-8-75-9-2-l-0.cssp;A;1;2;1800
i-4-8-75-9-2-l-0.cssp;Ad;2;2;1437.58
i-4-8-75-9-2-l-0.cssp;P;2;2;1724.56
i-4-8-75-9-2-l-0.cssp;Pd;2;2;1056.64
i-4-8-75-9-2-l-1.cssp;A;1;2;1800
i-4-8-75-9-2-l-1.cssp;Ad;2;2;466.22
i-4-8-75-9-2-l-1.cssp;P;0;4;1104.54
i-4-8-75-9-2-l-1.cssp;Pd;2;2;1124.74
i-4-8-75-9-2-l-2.cssp;A;1;3;1800
i-4-8-75-9-2-l-2.cssp;Ad;2;4;1800
i-4-8-75-9-2-l-2.cssp;P;1;4;1043.76
i-4-8-75-9-2-l-2.cssp;Pd;2;2;792.94
i-4-8-75-9-2-l-3.cssp;A;0;3;1800
i-4-8-75-9-2-l-3.cssp;Ad;2;5;1800
i-4-8-75-9-2-l-3.cssp;P;0;4;1111.86
i-4-8-75-9-2-l-3.cssp;Pd;2;2;946.96
i-4-8-75-9-2-l-4.cssp;A;1;2;1800
i-4-8-75-9-2-l-4.cssp;Ad;2;4;1800
i-4-8-75-9-2-l-4.cssp;P;0;4;981.46
i-4-8-75-9-2-l-4.cssp;Pd;2;2;173.74
r-20-2-100-9-2-0.cssp;A;0.5;3;1800
r-20-2-100-9-2-0.cssp;Ad;3;3;25.42
r-20-2-100-9-2-0.cssp;P;3;3;135.4
r-20-2-100-9-2-0.cssp;Pd;3;3;0.04
r-20-2-100-9-2-1.cssp;A;1;2;1800
r-20-2-100-9-2-1.cssp;Ad;2;2;72.7
r-20-2-100-9-2-1.cssp;P;2;2;58.2
r-20-2-100-9-2-1.cssp;Pd;2;2;0
r-20-2-100-9-2-2.cssp;A;1;3;1800
r-20-2-100-9-2-2.cssp;Ad;3;3;15.4
r-20-2-100-9-2-2.cssp;P;3;3;145.04
r-20-2-100-9-2-2.cssp;Pd;3;3;0.1
r-20-2-100-9-2-3.cssp;A;1;3;1800
r-20-2-100-9-2-3.cssp;Ad;3;3;29.58
r-20-2-100-9-2-3.cssp;P;3;3;99.8
r-20-2-100-9-2-3.cssp;Pd;3;3;0.04
r-20-2-100-9-2-4.cssp;A;1;3;1800
r-20-2-100-9-2-4.cssp;Ad;3;3;11.66
r-20-2-100-9-2-4.cssp;P;3;3;86.12
r-20-2-100-9-2-4.cssp;Pd;3;3;0.04
r-20-2-125-13-3-0.cssp;A;1;5;1800
r-20-2-125-13-3-0.cssp;Ad;5;5;132.72
r-20-2-125-13-3-0.cssp;P;5;5;149.34
r-20-2-125-13-3-0.cssp;Pd;5;5;0.32
r-20-2-125-13-3-1.cssp;A;1;5;1800
r-20-2-125-13-3-1.cssp;Ad;5;5;100.52
r-20-2-125-13-3-1.cssp;P;5;5;196.94
r-20-2-125-13-3-1.cssp;Pd;5;5;0.3
r-20-2-125-13-3-2.cssp;A;1;4;1800
r-20-2-125-13-3-2.cssp;Ad;4;4;463.6
r-20-2-125-13-3-2.cssp;P;4;4;176.68
r-20-2-125-13-3-2.cssp;Pd;4;4;0.04
r-20-2-125-13-3-3.cssp;A;2;5;1800
r-20-2-125-13-3-3.cssp;Ad;4;5;1800
r-20-2-125-13-3-3.cssp;P;4;4;127.64
r-20-2-125-13-3-3.cssp;Pd;4;4;0
r-20-2-125-13-3-4.cssp;A;1;4;1800
r-20-2-125-13-3-4.cssp;Ad;4;4;74.06
r-20-2-125-13-3-4.cssp;P;4;4;191.8
r-20-2-125-13-3-4.cssp;Pd;4;4;0.02
r-20-2-150-10-2-0.cssp;A;1;4;1800
r-20-2-150-10-2-0.cssp;Ad;3;3;739.56
r-20-2-150-10-2-0.cssp;P;3;3;403.88
r-20-2-150-10-2-0.cssp;Pd;3;3;0.08
r-20-2-150-10-2-1.cssp;A;1;3;1800
r-20-2-150-10-2-1.cssp;Ad;3;3;39.68
r-20-2-150-10-2-1.cssp;P;3;3;371.78
r-20-2-150-10-2-1.cssp;Pd;3;3;0.06
r-20-2-150-10-2-2.cssp;A;0;5;1800
r-20-2-150-10-2-2.cssp;Ad;3;4;1800
r-20-2-150-10-2-2.cssp;P;3;3;618.54
r-20-2-150-10-2-2.cssp;Pd;3;3;0.12
r-20-2-150-10-2-3.cssp;A;1;3;1800
r-20-2-150-10-2-3.cssp;Ad;3;3;65.38
r-20-2-150-10-2-3.cssp;P;3;3;774.42
r-20-2-150-10-2-3.cssp;Pd;3;3;0.12
r-20-2-150-10-2-4.cssp;A;1;3;1800
r-20-2-150-10-2-4.cssp;Ad;3;3;263.8
r-20-2-150-10-2-4.cssp;P;3;3;686.22
r-20-2-150-10-2-4.cssp;Pd;3;3;0.08
r-20-2-50-15-4-0.cssp;A;3;6;1800
r-20-2-50-15-4-0.cssp;Ad;6;6;6
r-20-2-50-15-4-0.cssp;P;6;6;5.78
r-20-2-50-15-4-0.cssp;Pd;6;6;0.06
r-20-2-50-15-4-1.cssp;A;4;6;1800
r-20-2-50-15-4-1.cssp;Ad;6;6;48.06
r-20-2-50-15-4-1.cssp;P;6;6;5.54
r-20-2-50-15-4-1.cssp;Pd;6;6;0.02
r-20-2-50-15-4-2.cssp;A;3;5;1800
r-20-2-50-15-4-2.cssp;Ad;5;6;1800
r-20-2-50-15-4-2.cssp;P;5;5;9.7
r-20-2-50-15-4-2.cssp;Pd;5;5;0
r-20-2-50-15-4-3.cssp;A;2;6;1800
r-20-2-50-15-4-3.cssp;Ad;6;6;39.04
r-20-2-50-15-4-3.cssp;P;6;6;6
r-20-2-50-15-4-3.cssp;Pd;6;6;0.14
r-20-2-50-15-4-4.cssp;A;4;6;1800
r-20-2-50-15-4-4.cssp;Ad;6;6;66.2
r-20-2-50-15-4-4.cssp;P;6;6;5.9
r-20-2-50-15-4-4.cssp;Pd;6;6;0.06
r-20-2-75-12-3-0.cssp;A;2;5;1800
r-20-2-75-12-3-0.cssp;Ad;5;5;55.48
r-20-2-75-12-3-0.cssp;P;5;5;24.7
r-20-2-75-12-3-0.cssp;Pd;5;5;0.14
r-20-2-75-12-3-1.cssp;A;2;4;1800
r-20-2-75-12-3-1.cssp;Ad;4;4;273.4
r-20-2-75-12-3-1.cssp;P;4;4;23.6
r-20-2-75-12-3-1.cssp;Pd;4;4;0.02
r-20-2-75-12-3-2.cssp;A;2;4;1800
r-20-2-75-12-3-2.cssp;Ad;4;4;86.14
r-20-2-75-12-3-2.cssp;P;4;4;26.66
r-20-2-75-12-3-2.cssp;Pd;4;4;0.08
r-20-2-75-12-3-3.cssp;A;2;4;1800
r-20-2-75-12-3-3.cssp;Ad;4;4;249.12
r-20-2-75-12-3-3.cssp;P;4;4;22.22
r-20-2-75-12-3-3.cssp;Pd;4;4;0.04
r-20-2-75-12-3-4.cssp;A;2;4;1800
r-20-2-75-12-3-4.cssp;Ad;4;5;1800
r-20-2-75-12-3-4.cssp;P;4;4;27.26
r-20-2-75-12-3-4.cssp;Pd;4;4;0.04
r-20-4-100-15-7-0.cssp;A;0.00962223;10;1800
r-20-4-100-15-7-0.cssp;Ad;6;9;1800
r-20-4-100-15-7-0.cssp;P;0;8;786.26
r-20-4-100-15-7-0.cssp;Pd;6;8;972.88
r-20-4-100-15-7-1.cssp;A;0.0149145;11;1800
r-20-4-100-15-7-1.cssp;Ad;6;9;1800
r-20-4-100-15-7-1.cssp;P;0;8;748.4
r-20-4-100-15-7-1.cssp;Pd;6;8;875.74
r-20-4-100-15-7-2.cssp;A;1;9;1800
r-20-4-100-15-7-2.cssp;Ad;6;10;1800
r-20-4-100-15-7-2.cssp;P;0;8;649.54
r-20-4-100-15-7-2.cssp;Pd;6;8;832.58
r-20-4-100-15-7-3.cssp;A;1;10;1800
r-20-4-100-15-7-3.cssp;Ad;6;11;1800
r-20-4-100-15-7-3.cssp;P;0;8;721.42
r-20-4-100-15-7-3.cssp;Pd;6;8;990.28
r-20-4-100-15-7-4.cssp;A;0;10;1800
r-20-4-100-15-7-4.cssp;Ad;6;10;1800
r-20-4-100-15-7-4.cssp;P;5.08E-15;8;716.96
r-20-4-100-15-7-4.cssp;Pd;6;8;919.42
r-20-4-125-17-8-0.cssp;A;0;11;1800
r-20-4-125-17-8-0.cssp;Ad;7;1.00E+20;1800
r-20-4-125-17-8-0.cssp;P;0;9;744.06
r-20-4-125-17-8-0.cssp;Pd;7;9;1306.72
r-20-4-125-17-8-1.cssp;A;0;11;1800
r-20-4-125-17-8-1.cssp;Ad;7;1.00E+20;1800
r-20-4-125-17-8-1.cssp;P;0;10;715.38
r-20-4-125-17-8-1.cssp;Pd;7;9;1225.52
r-20-4-125-17-8-2.cssp;A;0;11;1800
r-20-4-125-17-8-2.cssp;Ad;7;1.00E+20;1800
r-20-4-125-17-8-2.cssp;P;0;10;828.44
r-20-4-125-17-8-2.cssp;Pd;7;9;1076.6
r-20-4-125-17-8-3.cssp;A;0;12;1800
r-20-4-125-17-8-3.cssp;Ad;7;12;1800
r-20-4-125-17-8-3.cssp;P;0;10;757.44
r-20-4-125-17-8-3.cssp;Pd;7;9;1265.62
r-20-4-125-17-8-4.cssp;A;0;1.00E+20;1800
r-20-4-125-17-8-4.cssp;Ad;7;12;1800
r-20-4-125-17-8-4.cssp;P;0;9;700
r-20-4-125-17-8-4.cssp;Pd;7;9;1249.08
r-20-4-150-8-3-0.cssp;A;0;4;1800
r-20-4-150-8-3-0.cssp;Ad;3;6;1800
r-20-4-150-8-3-0.cssp;P;0;4;736.92
r-20-4-150-8-3-0.cssp;Pd;3;4;1800
r-20-4-150-8-3-1.cssp;A;0;5;1800
r-20-4-150-8-3-1.cssp;Ad;3;4;1800
r-20-4-150-8-3-1.cssp;P;0;4;818.28
r-20-4-150-8-3-1.cssp;Pd;3;4;1800
r-20-4-150-8-3-2.cssp;A;0;4;1800
r-20-4-150-8-3-2.cssp;Ad;3;5;1800
r-20-4-150-8-3-2.cssp;P;0;4;892.72
r-20-4-150-8-3-2.cssp;Pd;3;4;1800
r-20-4-150-8-3-3.cssp;A;0;6;1800
r-20-4-150-8-3-3.cssp;Ad;3;5;1800
r-20-4-150-8-3-3.cssp;P;0;4;764.44
r-20-4-150-8-3-3.cssp;Pd;3;4;1800
r-20-4-150-8-3-4.cssp;A;0;4;1800
r-20-4-150-8-3-4.cssp;Ad;3;4;1800
r-20-4-150-8-3-4.cssp;P;0;4;807.3
r-20-4-150-8-3-4.cssp;Pd;3;3;183.4
r-20-4-50-20-10-0.cssp;A;5;12;1800
r-20-4-50-20-10-0.cssp;Ad;9;13;1800
r-20-4-50-20-10-0.cssp;P;11;11;203.56
r-20-4-50-20-10-0.cssp;Pd;11;11;241.8
r-20-4-50-20-10-1.cssp;A;5;13;1800
r-20-4-50-20-10-1.cssp;Ad;9;12;1800
r-20-4-50-20-10-1.cssp;P;11;11;193.8
r-20-4-50-20-10-1.cssp;Pd;11;11;301.22
r-20-4-50-20-10-2.cssp;A;6;12;1800
r-20-4-50-20-10-2.cssp;Ad;9;13;1800
r-20-4-50-20-10-2.cssp;P;12;12;394.88
r-20-4-50-20-10-2.cssp;Pd;12;12;291.88
r-20-4-50-20-10-3.cssp;A;5;1.00E+20;1800
r-20-4-50-20-10-3.cssp;Ad;9;13;1800
r-20-4-50-20-10-3.cssp;P;11;11;257.76
r-20-4-50-20-10-3.cssp;Pd;11;11;354.9
r-20-4-50-20-10-4.cssp;A;6;1.00E+20;1800
r-20-4-50-20-10-4.cssp;Ad;9;13;1800
r-20-4-50-20-10-4.cssp;P;11;11;275.22
r-20-4-50-20-10-4.cssp;Pd;11;11;238.56
r-20-4-75-13-6-0.cssp;A;2;9;1800
r-20-4-75-13-6-0.cssp;Ad;5;9;1800
r-20-4-75-13-6-0.cssp;P;7;7;1638.5
r-20-4-75-13-6-0.cssp;Pd;7;7;1445.6
r-20-4-75-13-6-1.cssp;A;1;8;1800
r-20-4-75-13-6-1.cssp;Ad;5;10;1800
r-20-4-75-13-6-1.cssp;P;7;7;1571.84
r-20-4-75-13-6-1.cssp;Pd;7;7;1260.46
r-20-4-75-13-6-2.cssp;A;1;7;1800
r-20-4-75-13-6-2.cssp;Ad;5;12;1800
r-20-4-75-13-6-2.cssp;P;7;7;1139.2
r-20-4-75-13-6-2.cssp;Pd;7;7;1657.02
r-20-4-75-13-6-3.cssp;A;1;9;1800
r-20-4-75-13-6-3.cssp;Ad;5;9;1800
r-20-4-75-13-6-3.cssp;P;7;7;1105.24
r-20-4-75-13-6-3.cssp;Pd;6;7;1800
r-20-4-75-13-6-4.cssp;A;2;8;1800
r-20-4-75-13-6-4.cssp;Ad;5;9;1800
r-20-4-75-13-6-4.cssp;P;7;7;1016.2
r-20-4-75-13-6-4.cssp;Pd;7;7;1662.7
r-20-8-100-18-11-0.cssp;A;1;1.00E+20;1800
r-20-8-100-18-11-0.cssp;Ad;8;1.00E+20;1800
r-20-8-100-18-11-0.cssp;P;0;13;806.06
r-20-8-100-18-11-0.cssp;Pd;8;13;820.42
r-20-8-100-18-11-1.cssp;A;1;1.00E+20;1800
r-20-8-100-18-11-1.cssp;Ad;8;1.00E+20;1800
r-20-8-100-18-11-1.cssp;P;0;13;953.36
r-20-8-100-18-11-1.cssp;Pd;8;13;978.04
r-20-8-100-18-11-2.cssp;A;1;1.00E+20;1800
r-20-8-100-18-11-2.cssp;Ad;8;1.00E+20;1800
r-20-8-100-18-11-2.cssp;P;0;13;921.68
r-20-8-100-18-11-2.cssp;Pd;8;13;836.38
r-20-8-100-18-11-3.cssp;A;1;1.00E+20;1800
r-20-8-100-18-11-3.cssp;Ad;8;1.00E+20;1800
r-20-8-100-18-11-3.cssp;P;0;13;875.3
r-20-8-100-18-11-3.cssp;Pd;8;13;831.78
r-20-8-100-18-11-4.cssp;A;1;1.00E+20;1800
r-20-8-100-18-11-4.cssp;Ad;8;1.00E+20;1800
r-20-8-100-18-11-4.cssp;P;0;13;912.7
r-20-8-100-18-11-4.cssp;Pd;8;13;933.48
r-20-8-109-18-11-0.cssp;A;0;1.00E+20;1800
r-20-8-109-18-11-0.cssp;Ad;8;1.00E+20;1800
r-20-8-109-18-11-0.cssp;P;0;13;802.24
r-20-8-109-18-11-0.cssp;Pd;8;13;835.24
r-20-8-109-18-11-1.cssp;A;0;1.00E+20;1800
r-20-8-109-18-11-1.cssp;Ad;8;1.00E+20;1800
r-20-8-109-18-11-1.cssp;P;0;13;810.7
r-20-8-109-18-11-1.cssp;Pd;8;13;675.12
r-20-8-109-18-11-2.cssp;A;0;1.00E+20;1800
r-20-8-109-18-11-2.cssp;Ad;8;1.00E+20;1800
r-20-8-109-18-11-2.cssp;P;0;13;863.52
r-20-8-109-18-11-2.cssp;Pd;8;13;1040.44
r-20-8-109-18-11-3.cssp;A;0;1.00E+20;1800
r-20-8-109-18-11-3.cssp;Ad;8;1.00E+20;1800
r-20-8-109-18-11-3.cssp;P;0;13;814.26
r-20-8-109-18-11-3.cssp;Pd;8;13;803.6
r-20-8-109-18-11-4.cssp;A;2.78E-17;1.00E+20;1800
r-20-8-109-18-11-4.cssp;Ad;7;16;1800
r-20-8-109-18-11-4.cssp;P;0;13;775.98
r-20-8-109-18-11-4.cssp;Pd;8;13;901.92
r-20-8-150-11-6-0.cssp;A;0;1.00E+20;1800
r-20-8-150-11-6-0.cssp;Ad;4;1.00E+20;1800
r-20-8-150-11-6-0.cssp;P;0;8;709.76
r-20-8-150-11-6-0.cssp;Pd;4;8;1276.4
r-20-8-150-11-6-1.cssp;A;0;1.00E+20;1800
r-20-8-150-11-6-1.cssp;Ad;4;1.00E+20;1800
r-20-8-150-11-6-1.cssp;P;0;8;702.44
r-20-8-150-11-6-1.cssp;Pd;4;8;921.06
r-20-8-150-11-6-2.cssp;A;0;1.00E+20;1800
r-20-8-150-11-6-2.cssp;Ad;4;1.00E+20;1800
r-20-8-150-11-6-2.cssp;P;0;8;800.24
r-20-8-150-11-6-2.cssp;Pd;4;8;928.54
r-20-8-150-11-6-3.cssp;A;0;1.00E+20;1800
r-20-8-150-11-6-3.cssp;Ad;4;10;1800
r-20-8-150-11-6-3.cssp;P;0;8;692.72
r-20-8-150-11-6-3.cssp;Pd;4;8;1081.28
r-20-8-150-11-6-4.cssp;A;0;1.00E+20;1800
r-20-8-150-11-6-4.cssp;Ad;4;1.00E+20;1800
r-20-8-150-11-6-4.cssp;P;0;8;707.54
r-20-8-150-11-6-4.cssp;Pd;4;8;981.52
r-20-8-50-16-10-0.cssp;A;4;1.00E+20;1800
r-20-8-50-16-10-0.cssp;Ad;7;1.00E+20;1800
r-20-8-50-16-10-0.cssp;P;7;11;674.38
r-20-8-50-16-10-0.cssp;Pd;7;11;955.3
r-20-8-50-16-10-1.cssp;A;3;1.00E+20;1800
r-20-8-50-16-10-1.cssp;Ad;7;12;1800
r-20-8-50-16-10-1.cssp;P;2;12;711.1
r-20-8-50-16-10-1.cssp;Pd;7;12;634.48
r-20-8-50-16-10-2.cssp;A;4;1.00E+20;1800
r-20-8-50-16-10-2.cssp;Ad;7;1.00E+20;1800
r-20-8-50-16-10-2.cssp;P;7;11;787.88
r-20-8-50-16-10-2.cssp;Pd;7;12;596.9
r-20-8-50-16-10-3.cssp;A;4;1.00E+20;1800
r-20-8-50-16-10-3.cssp;Ad;7;1.00E+20;1800
r-20-8-50-16-10-3.cssp;P;7;12;550.88
r-20-8-50-16-10-3.cssp;Pd;7;12;615.46
r-20-8-50-16-10-4.cssp;A;3;1.00E+20;1800
r-20-8-50-16-10-4.cssp;Ad;7;1.00E+20;1800
r-20-8-50-16-10-4.cssp;P;7;12;621.16
r-20-8-50-16-10-4.cssp;Pd;7;12;627.42
r-20-8-75-12-7-0.cssp;A;1;1.00E+20;1800
r-20-8-75-12-7-0.cssp;Ad;5;1.00E+20;1800
r-20-8-75-12-7-0.cssp;P;0;9;639.96
r-20-8-75-12-7-0.cssp;Pd;5;8;1122.96
r-20-8-75-12-7-1.cssp;A;1;1.00E+20;1800
r-20-8-75-12-7-1.cssp;Ad;5;1.00E+20;1800
r-20-8-75-12-7-1.cssp;P;0;9;704.98
r-20-8-75-12-7-1.cssp;Pd;5;8;883.18
r-20-8-75-12-7-2.cssp;A;0;1.00E+20;1800
r-20-8-75-12-7-2.cssp;Ad;5;1.00E+20;1800
r-20-8-75-12-7-2.cssp;P;0;9;679.06
r-20-8-75-12-7-2.cssp;Pd;5;8;707.04
r-20-8-75-12-7-3.cssp;A;1;1.00E+20;1800
r-20-8-75-12-7-3.cssp;Ad;5;1.00E+20;1800
r-20-8-75-12-7-3.cssp;P;0;9;659.12
r-20-8-75-12-7-3.cssp;Pd;5;8;965.26
r-20-8-75-12-7-4.cssp;A;1;1.00E+20;1800
r-20-8-75-12-7-4.cssp;Ad;5;1.00E+20;1800
r-20-8-75-12-7-4.cssp;P;0;9;677.26
r-20-8-75-12-7-4.cssp;Pd;5;8;1103.84
r-2-2-100-20-1-0.cssp;A;1;1;160.02
r-2-2-100-20-1-0.cssp;Ad;1;1;1.86
r-2-2-100-20-1-0.cssp;P;1;1;30.5
r-2-2-100-20-1-0.cssp;Pd;1;1;0.02
r-2-2-100-20-1-1.cssp;A;1;2;1800
r-2-2-100-20-1-1.cssp;Ad;2;2;5.8
r-2-2-100-20-1-1.cssp;P;2;2;32.66
r-2-2-100-20-1-1.cssp;Pd;2;2;0.04
r-2-2-100-20-1-2.cssp;A;1;2;1800
r-2-2-100-20-1-2.cssp;Ad;2;2;1.1
r-2-2-100-20-1-2.cssp;P;2;2;29.66
r-2-2-100-20-1-2.cssp;Pd;2;2;0.04
r-2-2-100-20-1-3.cssp;A;2;2;547.14
r-2-2-100-20-1-3.cssp;Ad;2;2;17.98
r-2-2-100-20-1-3.cssp;P;2;2;34.08
r-2-2-100-20-1-3.cssp;Pd;2;2;0
r-2-2-100-20-1-4.cssp;A;2;2;238.34
r-2-2-100-20-1-4.cssp;Ad;2;2;6.1
r-2-2-100-20-1-4.cssp;P;2;2;48.52
r-2-2-100-20-1-4.cssp;Pd;2;2;0.04
r-2-2-50-17-1-0.cssp;A;1;1;21.22
r-2-2-50-17-1-0.cssp;Ad;1;1;2.04
r-2-2-50-17-1-0.cssp;P;1;1;1.7
r-2-2-50-17-1-0.cssp;Pd;1;1;0
r-2-2-50-17-1-1.cssp;A;1;1;15.22
r-2-2-50-17-1-1.cssp;Ad;1;1;2.14
r-2-2-50-17-1-1.cssp;P;1;1;1.6
r-2-2-50-17-1-1.cssp;Pd;1;1;0
r-2-2-50-17-1-2.cssp;A;2;2;9.18
r-2-2-50-17-1-2.cssp;Ad;2;2;12
r-2-2-50-17-1-2.cssp;P;2;2;1.86
r-2-2-50-17-1-2.cssp;Pd;2;2;0.02
r-2-2-50-17-1-3.cssp;A;0;0;6.24
r-2-2-50-17-1-3.cssp;Ad;0;0;0.06
r-2-2-50-17-1-3.cssp;P;0;0;0.9
r-2-2-50-17-1-3.cssp;Pd;0;0;0
r-2-2-50-17-1-4.cssp;A;1;1;3.72
r-2-2-50-17-1-4.cssp;Ad;1;1;1.94
r-2-2-50-17-1-4.cssp;P;1;1;1.66
r-2-2-50-17-1-4.cssp;Pd;1;1;0.02
r-2-2-75-19-1-0.cssp;A;2;2;213.6
r-2-2-75-19-1-0.cssp;Ad;2;2;3.06
r-2-2-75-19-1-0.cssp;P;2;2;10.88
r-2-2-75-19-1-0.cssp;Pd;2;2;0
r-2-2-75-19-1-1.cssp;A;2;2;165.64
r-2-2-75-19-1-1.cssp;Ad;2;2;5.68
r-2-2-75-19-1-1.cssp;P;2;2;10.6
r-2-2-75-19-1-1.cssp;Pd;2;2;0.02
r-2-2-75-19-1-2.cssp;A;1;1;45.64
r-2-2-75-19-1-2.cssp;Ad;1;1;58.4
r-2-2-75-19-1-2.cssp;P;1;1;8.5
r-2-2-75-19-1-2.cssp;Pd;1;1;0.02
r-2-2-75-19-1-3.cssp;A;2;2;305.28
r-2-2-75-19-1-3.cssp;Ad;2;2;6.12
r-2-2-75-19-1-3.cssp;P;2;2;14.2
r-2-2-75-19-1-3.cssp;Pd;2;2;0.02
r-2-2-75-19-1-4.cssp;A;2;2;103.84
r-2-2-75-19-1-4.cssp;Ad;2;2;0.56
r-2-2-75-19-1-4.cssp;P;2;2;9.44
r-2-2-75-19-1-4.cssp;Pd;2;2;0.04
r-2-4-100-13-1-0.cssp;A;1;1;394.68
r-2-4-100-13-1-0.cssp;Ad;1;1;136.72
r-2-4-100-13-1-0.cssp;P;1;1;142.12
r-2-4-100-13-1-0.cssp;Pd;1;1;1.94
r-2-4-100-13-1-1.cssp;A;1;1;360.76
r-2-4-100-13-1-1.cssp;Ad;1;1;149.56
r-2-4-100-13-1-1.cssp;P;1;1;170.42
r-2-4-100-13-1-1.cssp;Pd;1;1;2.76
r-2-4-100-13-1-2.cssp;A;1;1;386.6
r-2-4-100-13-1-2.cssp;Ad;1;2;1800
r-2-4-100-13-1-2.cssp;P;1;1;124.32
r-2-4-100-13-1-2.cssp;Pd;1;1;0.76
r-2-4-100-13-1-3.cssp;A;1;1;325.14
r-2-4-100-13-1-3.cssp;Ad;1;1;289.2
r-2-4-100-13-1-3.cssp;P;1;1;217.96
r-2-4-100-13-1-3.cssp;Pd;1;1;2.44
r-2-4-100-13-1-4.cssp;A;1;1;763.08
r-2-4-100-13-1-4.cssp;Ad;1;1;56.48
r-2-4-100-13-1-4.cssp;P;1;1;102.5
r-2-4-100-13-1-4.cssp;Pd;1;1;0.3
r-2-4-125-14-1-0.cssp;A;1;1;1389.98
r-2-4-125-14-1-0.cssp;Ad;1;1;102.42
r-2-4-125-14-1-0.cssp;P;1;1;240.8
r-2-4-125-14-1-0.cssp;Pd;1;1;1.76
r-2-4-125-14-1-1.cssp;A;1;1;1098.8
r-2-4-125-14-1-1.cssp;Ad;1;1;24.98
r-2-4-125-14-1-1.cssp;P;1;1;317.76
r-2-4-125-14-1-1.cssp;Pd;1;1;0.72
r-2-4-125-14-1-2.cssp;A;1;2;1800
r-2-4-125-14-1-2.cssp;Ad;1;2;1800
r-2-4-125-14-1-2.cssp;P;2;2;406.74
r-2-4-125-14-1-2.cssp;Pd;2;2;1.08
r-2-4-125-14-1-3.cssp;A;1;2;1800
r-2-4-125-14-1-3.cssp;Ad;1;2;1800
r-2-4-125-14-1-3.cssp;P;2;2;397.38
r-2-4-125-14-1-3.cssp;Pd;2;2;0.46
r-2-4-125-14-1-4.cssp;A;1;1;894.84
r-2-4-125-14-1-4.cssp;Ad;1;1;34.5
r-2-4-125-14-1-4.cssp;P;1;1;382.6
r-2-4-125-14-1-4.cssp;Pd;1;1;0.1
r-2-4-150-15-1-0.cssp;A;0;2;1800
r-2-4-150-15-1-0.cssp;Ad;1;2;1800
r-2-4-150-15-1-0.cssp;P;2;2;813.2
r-2-4-150-15-1-0.cssp;Pd;2;2;7.14
r-2-4-150-15-1-1.cssp;A;0;2;1800
r-2-4-150-15-1-1.cssp;Ad;1;2;1800
r-2-4-150-15-1-1.cssp;P;2;2;780.16
r-2-4-150-15-1-1.cssp;Pd;2;2;3.74
r-2-4-150-15-1-2.cssp;A;0;2;1800
r-2-4-150-15-1-2.cssp;Ad;2;2;64.66
r-2-4-150-15-1-2.cssp;P;2;2;721.02
r-2-4-150-15-1-2.cssp;Pd;2;2;9.96
r-2-4-150-15-1-3.cssp;A;0;2;1800
r-2-4-150-15-1-3.cssp;Ad;2;2;890.96
r-2-4-150-15-1-3.cssp;P;2;2;812.14
r-2-4-150-15-1-3.cssp;Pd;2;2;1.02
r-2-4-150-15-1-4.cssp;A;0;2;1800
r-2-4-150-15-1-4.cssp;Ad;1;1;440.84
r-2-4-150-15-1-4.cssp;P;1;1;676.94
r-2-4-150-15-1-4.cssp;Pd;1;1;1.2
r-2-4-50-16-2-0.cssp;A;3;3;1440.22
r-2-4-50-16-2-0.cssp;Ad;3;3;537
r-2-4-50-16-2-0.cssp;P;3;3;21.38
r-2-4-50-16-2-0.cssp;Pd;3;3;2.38
r-2-4-50-16-2-1.cssp;A;2;3;1800
r-2-4-50-16-2-1.cssp;Ad;2;3;1800
r-2-4-50-16-2-1.cssp;P;3;3;18.82
r-2-4-50-16-2-1.cssp;Pd;3;3;2.74
r-2-4-50-16-2-2.cssp;A;3;3;1756.32
r-2-4-50-16-2-2.cssp;Ad;2;3;1800
r-2-4-50-16-2-2.cssp;P;3;3;16.22
r-2-4-50-16-2-2.cssp;Pd;3;3;2.02
r-2-4-50-16-2-3.cssp;A;3;3;540.06
r-2-4-50-16-2-3.cssp;Ad;2;3;1800
r-2-4-50-16-2-3.cssp;P;3;3;17.38
r-2-4-50-16-2-3.cssp;Pd;3;3;1.74
r-2-4-50-16-2-4.cssp;A;1.5;3;1800
r-2-4-50-16-2-4.cssp;Ad;3;3;508.36
r-2-4-50-16-2-4.cssp;P;3;3;14.64
r-2-4-50-16-2-4.cssp;Pd;3;3;1.76
r-2-4-75-13-1-0.cssp;A;1;1;244.44
r-2-4-75-13-1-0.cssp;Ad;1;1;16.76
r-2-4-75-13-1-0.cssp;P;1;1;57.68
r-2-4-75-13-1-0.cssp;Pd;1;1;0.1
r-2-4-75-13-1-1.cssp;A;1;2;1800
r-2-4-75-13-1-1.cssp;Ad;2;2;79.14
r-2-4-75-13-1-1.cssp;P;2;2;82.86
r-2-4-75-13-1-1.cssp;Pd;2;2;0.26
r-2-4-75-13-1-2.cssp;A;1;1;87.8
r-2-4-75-13-1-2.cssp;Ad;1;1;756.26
r-2-4-75-13-1-2.cssp;P;1;1;109.98
r-2-4-75-13-1-2.cssp;Pd;1;1;0.22
r-2-4-75-13-1-3.cssp;A;1;2;1800
r-2-4-75-13-1-3.cssp;Ad;2;2;25.68
r-2-4-75-13-1-3.cssp;P;2;2;52.86
r-2-4-75-13-1-3.cssp;Pd;2;2;0.16
r-2-4-75-13-1-4.cssp;A;1;1;171.84
r-2-4-75-13-1-4.cssp;Ad;1;2;1800
r-2-4-75-13-1-4.cssp;P;1;1;47.62
r-2-4-75-13-1-4.cssp;Pd;1;1;0.88
r-2-8-100-11-1-0.cssp;A;1;1;952.56
r-2-8-100-11-1-0.cssp;Ad;1;1;342.3
r-2-8-100-11-1-0.cssp;P;1;1;1227.86
r-2-8-100-11-1-0.cssp;Pd;1;1;2.5
r-2-8-100-11-1-1.cssp;A;0;2;1800
r-2-8-100-11-1-1.cssp;Ad;1;2;1800
r-2-8-100-11-1-1.cssp;P;1;2;1800
r-2-8-100-11-1-1.cssp;Pd;1;2;1800
r-2-8-100-11-1-2.cssp;A;0;1;1800
r-2-8-100-11-1-2.cssp;Ad;1;2;1800
r-2-8-100-11-1-2.cssp;P;1;1;924.64
r-2-8-100-11-1-2.cssp;Pd;1;1;1050.92
r-2-8-100-11-1-3.cssp;A;1;1;1162.06
r-2-8-100-11-1-3.cssp;Ad;1;1;583.86
r-2-8-100-11-1-3.cssp;P;1;1;828.14
r-2-8-100-11-1-3.cssp;Pd;1;1;57.04
r-2-8-100-11-1-4.cssp;A;0;2;1800
r-2-8-100-11-1-4.cssp;Ad;1;2;1800
r-2-8-100-11-1-4.cssp;P;2;2;1383.22
r-2-8-100-11-1-4.cssp;Pd;2;2;1530.3
r-2-8-125-19-3-0.cssp;A;0;7;1800
r-2-8-125-19-3-0.cssp;Ad;2;9;1800
r-2-8-125-19-3-0.cssp;P;0;4;1800
r-2-8-125-19-3-0.cssp;Pd;3;4;1800
r-2-8-125-19-3-1.cssp;A;0;7;1800
r-2-8-125-19-3-1.cssp;Ad;3;8;1800
r-2-8-125-19-3-1.cssp;P;0;4;1634.14
r-2-8-125-19-3-1.cssp;Pd;3;3;1522.22
r-2-8-125-19-3-2.cssp;A;0;4;1800
r-2-8-125-19-3-2.cssp;Ad;3;9;1800
r-2-8-125-19-3-2.cssp;P;0;4;1800
r-2-8-125-19-3-2.cssp;Pd;3;4;1800
r-2-8-125-19-3-3.cssp;A;0;4;1800
r-2-8-125-19-3-3.cssp;Ad;2;7;1800
r-2-8-125-19-3-3.cssp;P;0;4;1759.8
r-2-8-125-19-3-3.cssp;Pd;3;4;1800
r-2-8-125-19-3-4.cssp;A;0;7;1800
r-2-8-125-19-3-4.cssp;Ad;3;10;1800
r-2-8-125-19-3-4.cssp;P;0;4;1800
r-2-8-125-19-3-4.cssp;Pd;3;4;1800
r-2-8-150-12-1-0.cssp;A;0;1;1800
r-2-8-150-12-1-0.cssp;Ad;1;2;1800
r-2-8-150-12-1-0.cssp;P;0;2;1586.68
r-2-8-150-12-1-0.cssp;Pd;1;1;949.24
r-2-8-150-12-1-1.cssp;A;0;2;1800
r-2-8-150-12-1-1.cssp;Ad;1;2;1800
r-2-8-150-12-1-1.cssp;P;0;2;1393.64
r-2-8-150-12-1-1.cssp;Pd;1;1;1510.6
r-2-8-150-12-1-2.cssp;A;0;2;1800
r-2-8-150-12-1-2.cssp;Ad;1;3;1800
r-2-8-150-12-1-2.cssp;P;0;2;1518.52
r-2-8-150-12-1-2.cssp;Pd;1;2;1800
r-2-8-150-12-1-3.cssp;A;0;3;1800
r-2-8-150-12-1-3.cssp;Ad;1;2;1800
r-2-8-150-12-1-3.cssp;P;0;2;1618.92
r-2-8-150-12-1-3.cssp;Pd;1;1;367.32
r-2-8-150-12-1-4.cssp;A;0;6;1800
r-2-8-150-12-1-4.cssp;Ad;1;2;1800
r-2-8-150-12-1-4.cssp;P;0;2;1404.04
r-2-8-150-12-1-4.cssp;Pd;1;2;1800
r-2-8-50-13-2-0.cssp;A;2;2;1547.66
r-2-8-50-13-2-0.cssp;Ad;2;2;551.76
r-2-8-50-13-2-0.cssp;P;2;2;141.3
r-2-8-50-13-2-0.cssp;Pd;2;2;62.38
r-2-8-50-13-2-1.cssp;A;2;2;696.8
r-2-8-50-13-2-1.cssp;Ad;2;2;329.62
r-2-8-50-13-2-1.cssp;P;2;2;218.02
r-2-8-50-13-2-1.cssp;Pd;2;2;311.1
r-2-8-50-13-2-2.cssp;A;0;2;1800
r-2-8-50-13-2-2.cssp;Ad;2;2;117.1
r-2-8-50-13-2-2.cssp;P;2;2;81.4
r-2-8-50-13-2-2.cssp;Pd;2;2;3.4
r-2-8-50-13-2-3.cssp;A;2;2;913.36
r-2-8-50-13-2-3.cssp;Ad;2;2;441.26
r-2-8-50-13-2-3.cssp;P;2;2;167.72
r-2-8-50-13-2-3.cssp;Pd;2;2;33.52
r-2-8-50-13-2-4.cssp;A;2;3;1800
r-2-8-50-13-2-4.cssp;Ad;2;3;1800
r-2-8-50-13-2-4.cssp;P;3;3;200.3
r-2-8-50-13-2-4.cssp;Pd;3;3;905.5
r-2-8-75-14-2-0.cssp;A;1;2;1800
r-2-8-75-14-2-0.cssp;Ad;2;2;354.66
r-2-8-75-14-2-0.cssp;P;2;2;719.3
r-2-8-75-14-2-0.cssp;Pd;2;2;897.64
r-2-8-75-14-2-1.cssp;A;0;3;1800
r-2-8-75-14-2-1.cssp;Ad;2;3;1800
r-2-8-75-14-2-1.cssp;P;2;2;1028.72
r-2-8-75-14-2-1.cssp;Pd;2;2;275.48
r-2-8-75-14-2-2.cssp;A;1;3;1800
r-2-8-75-14-2-2.cssp;Ad;2;3;1800
r-2-8-75-14-2-2.cssp;P;2;2;971.58
r-2-8-75-14-2-2.cssp;Pd;2;2;362.58
r-2-8-75-14-2-3.cssp;A;1;2;1800
r-2-8-75-14-2-3.cssp;Ad;2;2;698
r-2-8-75-14-2-3.cssp;P;2;2;829.28
r-2-8-75-14-2-3.cssp;Pd;2;2;423.06
r-2-8-75-14-2-4.cssp;A;0;3;1800
r-2-8-75-14-2-4.cssp;Ad;2;3;1800
r-2-8-75-14-2-4.cssp;P;3;3;1437.38
r-2-8-75-14-2-4.cssp;Pd;2;3;1800
r-4-2-100-11-1-0.cssp;A;1;2;1800
r-4-2-100-11-1-0.cssp;Ad;2;2;40.88
r-4-2-100-11-1-0.cssp;P;2;2;41.38
r-4-2-100-11-1-0.cssp;Pd;2;2;0.04
r-4-2-100-11-1-1.cssp;A;1;1;98.22
r-4-2-100-11-1-1.cssp;Ad;1;1;2.9
r-4-2-100-11-1-1.cssp;P;1;1;21.74
r-4-2-100-11-1-1.cssp;Pd;1;1;0.02
r-4-2-100-11-1-2.cssp;A;1;1;117.42
r-4-2-100-11-1-2.cssp;Ad;1;1;1.58
r-4-2-100-11-1-2.cssp;P;1;1;32.5
r-4-2-100-11-1-2.cssp;Pd;1;1;0
r-4-2-100-11-1-3.cssp;A;1;2;1800
r-4-2-100-11-1-3.cssp;Ad;2;2;7.1
r-4-2-100-11-1-3.cssp;P;2;2;32.42
r-4-2-100-11-1-3.cssp;Pd;2;2;0.04
r-4-2-100-11-1-4.cssp;A;1;1;119.44
r-4-2-100-11-1-4.cssp;Ad;1;1;2.5
r-4-2-100-11-1-4.cssp;P;1;1;21.74
r-4-2-100-11-1-4.cssp;Pd;1;1;0
r-4-2-125-16-2-0.cssp;A;1;2;1800
r-4-2-125-16-2-0.cssp;Ad;2;2;5.5
r-4-2-125-16-2-0.cssp;P;2;2;94.02
r-4-2-125-16-2-0.cssp;Pd;2;2;0.04
r-4-2-125-16-2-1.cssp;A;1;3;1800
r-4-2-125-16-2-1.cssp;Ad;3;3;4.34
r-4-2-125-16-2-1.cssp;P;3;3;102.24
r-4-2-125-16-2-1.cssp;Pd;3;3;0.02
r-4-2-125-16-2-2.cssp;A;1;3;1800
r-4-2-125-16-2-2.cssp;Ad;3;3;20.94
r-4-2-125-16-2-2.cssp;P;3;3;90.36
r-4-2-125-16-2-2.cssp;Pd;3;3;0
r-4-2-125-16-2-3.cssp;A;1;2;1800
r-4-2-125-16-2-3.cssp;Ad;2;2;80.44
r-4-2-125-16-2-3.cssp;P;2;2;72.04
r-4-2-125-16-2-3.cssp;Pd;2;2;0.08
r-4-2-125-16-2-4.cssp;A;1;3;1800
r-4-2-125-16-2-4.cssp;Ad;3;3;1.5
r-4-2-125-16-2-4.cssp;P;3;3;93.18
r-4-2-125-16-2-4.cssp;Pd;3;3;0.04
r-4-2-150-12-1-0.cssp;A;1;2;1800
r-4-2-150-12-1-0.cssp;Ad;2;2;35.72
r-4-2-150-12-1-0.cssp;P;2;2;156.54
r-4-2-150-12-1-0.cssp;Pd;2;2;0.04
r-4-2-150-12-1-1.cssp;A;1;1;575.72
r-4-2-150-12-1-1.cssp;Ad;1;1;21.34
r-4-2-150-12-1-1.cssp;P;1;1;124.44
r-4-2-150-12-1-1.cssp;Pd;1;1;0
r-4-2-150-12-1-2.cssp;A;1;2;1800
r-4-2-150-12-1-2.cssp;Ad;2;2;214.16
r-4-2-150-12-1-2.cssp;P;2;2;167.28
r-4-2-150-12-1-2.cssp;Pd;2;2;0.06
r-4-2-150-12-1-3.cssp;A;1;2;1800
r-4-2-150-12-1-3.cssp;Ad;2;2;9.08
r-4-2-150-12-1-3.cssp;P;2;2;179.62
r-4-2-150-12-1-3.cssp;Pd;2;2;0.06
r-4-2-150-12-1-4.cssp;A;1;1;588.38
r-4-2-150-12-1-4.cssp;Ad;1;1;135.58
r-4-2-150-12-1-4.cssp;P;1;1;124.44
r-4-2-150-12-1-4.cssp;Pd;1;1;0.02
r-4-2-50-15-2-0.cssp;A;2;4;1800
r-4-2-50-15-2-0.cssp;Ad;4;4;4.78
r-4-2-50-15-2-0.cssp;P;4;4;3.96
r-4-2-50-15-2-0.cssp;Pd;4;4;0.02
r-4-2-50-15-2-1.cssp;A;1;4;1800
r-4-2-50-15-2-1.cssp;Ad;4;4;29.08
r-4-2-50-15-2-1.cssp;P;4;4;2.62
r-4-2-50-15-2-1.cssp;Pd;4;4;0.02
r-4-2-50-15-2-2.cssp;A;1;3;1800
r-4-2-50-15-2-2.cssp;Ad;3;3;0.54
r-4-2-50-15-2-2.cssp;P;3;3;2.68
r-4-2-50-15-2-2.cssp;Pd;3;3;0
r-4-2-50-15-2-3.cssp;A;3;3;1312.4
r-4-2-50-15-2-3.cssp;Ad;3;3;5.16
r-4-2-50-15-2-3.cssp;P;3;3;2.6
r-4-2-50-15-2-3.cssp;Pd;3;3;0
r-4-2-50-15-2-4.cssp;A;2;3;1800
r-4-2-50-15-2-4.cssp;Ad;3;3;37.32
r-4-2-50-15-2-4.cssp;P;3;3;2.72
r-4-2-50-15-2-4.cssp;Pd;3;3;0.06
r-4-2-75-11-1-0.cssp;A;2;2;1123.96
r-4-2-75-11-1-0.cssp;Ad;2;2;3.46
r-4-2-75-11-1-0.cssp;P;2;2;10.46
r-4-2-75-11-1-0.cssp;Pd;2;2;0.06
r-4-2-75-11-1-1.cssp;A;0.841334;2;1800
r-4-2-75-11-1-1.cssp;Ad;2;2;2.2
r-4-2-75-11-1-1.cssp;P;2;2;9.46
r-4-2-75-11-1-1.cssp;Pd;2;2;0.02
r-4-2-75-11-1-2.cssp;A;1;2;1800
r-4-2-75-11-1-2.cssp;Ad;2;2;43
r-4-2-75-11-1-2.cssp;P;2;2;13.88
r-4-2-75-11-1-2.cssp;Pd;2;2;0.04
r-4-2-75-11-1-3.cssp;A;1;1;65.24
r-4-2-75-11-1-3.cssp;Ad;1;1;1.42
r-4-2-75-11-1-3.cssp;P;1;1;8.54
r-4-2-75-11-1-3.cssp;Pd;1;1;0
r-4-2-75-11-1-4.cssp;A;2;2;1588.68
r-4-2-75-11-1-4.cssp;Ad;2;2;0.66
r-4-2-75-11-1-4.cssp;P;2;2;15.48
r-4-2-75-11-1-4.cssp;Pd;2;2;0.04
r-4-4-100-7-1-0.cssp;A;1;1;433.14
r-4-4-100-7-1-0.cssp;Ad;1;1;129.72
r-4-4-100-7-1-0.cssp;P;1;1;222.42
r-4-4-100-7-1-0.cssp;Pd;1;1;5.56
r-4-4-100-7-1-1.cssp;A;1;1;985.6
r-4-4-100-7-1-1.cssp;Ad;1;1;114.18
r-4-4-100-7-1-1.cssp;P;1;1;215.34
r-4-4-100-7-1-1.cssp;Pd;1;1;0.34
r-4-4-100-7-1-2.cssp;A;1;1;229.86
r-4-4-100-7-1-2.cssp;Ad;1;1;67.96
r-4-4-100-7-1-2.cssp;P;1;1;152.2
r-4-4-100-7-1-2.cssp;Pd;1;1;6.84
r-4-4-100-7-1-3.cssp;A;1;1;531.2
r-4-4-100-7-1-3.cssp;Ad;1;1;62.4
r-4-4-100-7-1-3.cssp;P;1;1;255.72
r-4-4-100-7-1-3.cssp;Pd;1;1;1.34
r-4-4-100-7-1-4.cssp;A;1;1;1154.16
r-4-4-100-7-1-4.cssp;Ad;1;1;535.08
r-4-4-100-7-1-4.cssp;P;1;1;241.28
r-4-4-100-7-1-4.cssp;Pd;1;1;0.7
r-4-4-125-16-4-0.cssp;A;0;8;1800
r-4-4-125-16-4-0.cssp;Ad;4;7;1800
r-4-4-125-16-4-0.cssp;P;5;5;970.98
r-4-4-125-16-4-0.cssp;Pd;5;5;978.34
r-4-4-125-16-4-1.cssp;A;0;7;1800
r-4-4-125-16-4-1.cssp;Ad;4;7;1800
r-4-4-125-16-4-1.cssp;P;4;4;371.44
r-4-4-125-16-4-1.cssp;Pd;4;4;147.38
r-4-4-125-16-4-2.cssp;A;0;8;1800
r-4-4-125-16-4-2.cssp;Ad;4;7;1800
r-4-4-125-16-4-2.cssp;P;4;4;478.4
r-4-4-125-16-4-2.cssp;Pd;4;4;456.56
r-4-4-125-16-4-3.cssp;A;0;5;1800
r-4-4-125-16-4-3.cssp;Ad;4;7;1800
r-4-4-125-16-4-3.cssp;P;4;4;471.96
r-4-4-125-16-4-3.cssp;Pd;4;4;314.2
r-4-4-125-16-4-4.cssp;A;0;8;1800
r-4-4-125-16-4-4.cssp;Ad;4;7;1800
r-4-4-125-16-4-4.cssp;P;5;5;977.26
r-4-4-125-16-4-4.cssp;Pd;5;5;753.06
r-4-4-150-8-1-0.cssp;A;1;1;1663.64
r-4-4-150-8-1-0.cssp;Ad;1;1;89.34
r-4-4-150-8-1-0.cssp;P;1;1;810.46
r-4-4-150-8-1-0.cssp;Pd;1;1;4.32
r-4-4-150-8-1-1.cssp;A;0;2;1800
r-4-4-150-8-1-1.cssp;Ad;1;2;1800
r-4-4-150-8-1-1.cssp;P;2;2;703.24
r-4-4-150-8-1-1.cssp;Pd;2;2;1.66
r-4-4-150-8-1-2.cssp;A;0;2;1800
r-4-4-150-8-1-2.cssp;Ad;1;2;1800
r-4-4-150-8-1-2.cssp;P;2;2;1075.62
r-4-4-150-8-1-2.cssp;Pd;2;2;11.58
r-4-4-150-8-1-3.cssp;A;0;1;1800
r-4-4-150-8-1-3.cssp;Ad;1;2;1800
r-4-4-150-8-1-3.cssp;P;1;1;757.34
r-4-4-150-8-1-3.cssp;Pd;1;1;5.56
r-4-4-150-8-1-4.cssp;A;0;2;1800
r-4-4-150-8-1-4.cssp;Ad;1;2;1800
r-4-4-150-8-1-4.cssp;P;2;2;1417.18
r-4-4-150-8-1-4.cssp;Pd;2;2;18.24
r-4-4-50-17-5-0.cssp;A;2;5;1800
r-4-4-50-17-5-0.cssp;Ad;5;5;415.06
r-4-4-50-17-5-0.cssp;P;5;5;9.58
r-4-4-50-17-5-0.cssp;Pd;5;5;19.78
r-4-4-50-17-5-1.cssp;A;2.21472;6;1800
r-4-4-50-17-5-1.cssp;Ad;5;6;1800
r-4-4-50-17-5-1.cssp;P;6;6;38.3
r-4-4-50-17-5-1.cssp;Pd;6;6;18.22
r-4-4-50-17-5-2.cssp;A;1;5;1800
r-4-4-50-17-5-2.cssp;Ad;5;5;1170.24
r-4-4-50-17-5-2.cssp;P;5;5;19.94
r-4-4-50-17-5-2.cssp;Pd;5;5;1.6
r-4-4-50-17-5-3.cssp;A;2;6;1800
r-4-4-50-17-5-3.cssp;Ad;5;6;1800
r-4-4-50-17-5-3.cssp;P;6;6;29.02
r-4-4-50-17-5-3.cssp;Pd;6;6;23.94
r-4-4-50-17-5-4.cssp;A;2;5;1800
r-4-4-50-17-5-4.cssp;Ad;5;5;1554.62
r-4-4-50-17-5-4.cssp;P;5;5;31.28
r-4-4-50-17-5-4.cssp;Pd;5;5;28.14
r-4-4-75-10-2-0.cssp;A;1;3;1800
r-4-4-75-10-2-0.cssp;Ad;2;3;1800
r-4-4-75-10-2-0.cssp;P;3;3;103.7
r-4-4-75-10-2-0.cssp;Pd;3;3;8.32
r-4-4-75-10-2-1.cssp;A;1;3;1800
r-4-4-75-10-2-1.cssp;Ad;2;3;1800
r-4-4-75-10-2-1.cssp;P;3;3;135.72
r-4-4-75-10-2-1.cssp;Pd;3;3;13.86
r-4-4-75-10-2-2.cssp;A;1;3;1800
r-4-4-75-10-2-2.cssp;Ad;2;3;1800
r-4-4-75-10-2-2.cssp;P;3;3;116.94
r-4-4-75-10-2-2.cssp;Pd;3;3;7.26
r-4-4-75-10-2-3.cssp;A;1;3;1800
r-4-4-75-10-2-3.cssp;Ad;2;3;1800
r-4-4-75-10-2-3.cssp;P;3;3;87.8
r-4-4-75-10-2-3.cssp;Pd;3;3;13.6
r-4-4-75-10-2-4.cssp;A;1;3;1800
r-4-4-75-10-2-4.cssp;Ad;2;3;1800
r-4-4-75-10-2-4.cssp;P;3;3;86.52
r-4-4-75-10-2-4.cssp;Pd;3;3;7
r-4-8-100-6-1-0.cssp;A;0;2;1800
r-4-8-100-6-1-0.cssp;Ad;1;1;852.1
r-4-8-100-6-1-0.cssp;P;0;2;1000.84
r-4-8-100-6-1-0.cssp;Pd;1;1;530.62
r-4-8-100-6-1-1.cssp;A;0;2;1800
r-4-8-100-6-1-1.cssp;Ad;1;1;141.16
r-4-8-100-6-1-1.cssp;P;1;1;969.9
r-4-8-100-6-1-1.cssp;Pd;1;1;1116.66
r-4-8-100-6-1-2.cssp;A;0;2;1800
r-4-8-100-6-1-2.cssp;Ad;1;1;1488.84
r-4-8-100-6-1-2.cssp;P;1;1;872.98
r-4-8-100-6-1-2.cssp;Pd;1;1;1673.76
r-4-8-100-6-1-3.cssp;A;0;2;1800
r-4-8-100-6-1-3.cssp;Ad;1;2;1800
r-4-8-100-6-1-3.cssp;P;2;2;1405.52
r-4-8-100-6-1-3.cssp;Pd;1;2;1800
r-4-8-100-6-1-4.cssp;A;0;2;1800
r-4-8-100-6-1-4.cssp;Ad;1;1;309.4
r-4-8-100-6-1-4.cssp;P;1;1;817.14
r-4-8-100-6-1-4.cssp;Pd;1;1;25.06
r-4-8-125-15-5-0.cssp;A;0;12;1800
r-4-8-125-15-5-0.cssp;Ad;4;11;1800
r-4-8-125-15-5-0.cssp;P;0;7;1723.02
r-4-8-125-15-5-0.cssp;Pd;4;6;1649.42
r-4-8-125-15-5-1.cssp;A;0;10;1800
r-4-8-125-15-5-1.cssp;Ad;4;10;1800
r-4-8-125-15-5-1.cssp;P;0;7;1283.14
r-4-8-125-15-5-1.cssp;Pd;4;7;1143.42
r-4-8-125-15-5-2.cssp;A;0;1.00E+20;1800
r-4-8-125-15-5-2.cssp;Ad;4;10;1800
r-4-8-125-15-5-2.cssp;P;0;7;1551.86
r-4-8-125-15-5-2.cssp;Pd;4;6;1800
r-4-8-125-15-5-3.cssp;A;0;11;1800
r-4-8-125-15-5-3.cssp;Ad;4;11;1800
r-4-8-125-15-5-3.cssp;P;0;7;1253.42
r-4-8-125-15-5-3.cssp;Pd;4;6;1800
r-4-8-125-15-5-4.cssp;A;0;10;1800
r-4-8-125-15-5-4.cssp;Ad;4;9;1800
r-4-8-125-15-5-4.cssp;P;0;7;1800
r-4-8-125-15-5-4.cssp;Pd;4;7;1448.94
r-4-8-150-11-3-0.cssp;A;0;8;1800
r-4-8-150-11-3-0.cssp;Ad;2;8;1800
r-4-8-150-11-3-0.cssp;P;0;5;1027.96
r-4-8-150-11-3-0.cssp;Pd;3;3;210.92
r-4-8-150-11-3-1.cssp;A;0;7;1800
r-4-8-150-11-3-1.cssp;Ad;2;6;1800
r-4-8-150-11-3-1.cssp;P;0;5;1041.14
r-4-8-150-11-3-1.cssp;Pd;3;4;1800
r-4-8-150-11-3-2.cssp;A;0;6;1800
r-4-8-150-11-3-2.cssp;Ad;2;6;1800
r-4-8-150-11-3-2.cssp;P;0;5;1125.22
r-4-8-150-11-3-2.cssp;Pd;3;4;1800
r-4-8-150-11-3-3.cssp;A;0;8;1800
r-4-8-150-11-3-3.cssp;Ad;3;8;1800
r-4-8-150-11-3-3.cssp;P;0;5;1337.62
r-4-8-150-11-3-3.cssp;Pd;3;4;1800
r-4-8-150-11-3-4.cssp;A;0;6;1800
r-4-8-150-11-3-4.cssp;Ad;2;6;1800
r-4-8-150-11-3-4.cssp;P;0;5;1567.84
r-4-8-150-11-3-4.cssp;Pd;3;4;1800
r-4-8-50-16-6-0.cssp;A;0;8;1800
r-4-8-50-16-6-0.cssp;Ad;5;8;1800
r-4-8-50-16-6-0.cssp;P;5;7;1479.94
r-4-8-50-16-6-0.cssp;Pd;5;7;1705.18
r-4-8-50-16-6-1.cssp;A;2;8;1800
r-4-8-50-16-6-1.cssp;Ad;5;9;1800
r-4-8-50-16-6-1.cssp;P;5;7;1401.98
r-4-8-50-16-6-1.cssp;Pd;5;7;1225.58
r-4-8-50-16-6-2.cssp;A;2;8;1800
r-4-8-50-16-6-2.cssp;Ad;5;8;1800
r-4-8-50-16-6-2.cssp;P;4;8;772.66
r-4-8-50-16-6-2.cssp;Pd;5;8;871.26
r-4-8-50-16-6-3.cssp;A;1;7;1800
r-4-8-50-16-6-3.cssp;Ad;5;8;1800
r-4-8-50-16-6-3.cssp;P;4;8;866.3
r-4-8-50-16-6-3.cssp;Pd;5;7;1374.8
r-4-8-50-16-6-4.cssp;A;2;8;1800
r-4-8-50-16-6-4.cssp;Ad;5;8;1800
r-4-8-50-16-6-4.cssp;P;5;7;1431.04
r-4-8-50-16-6-4.cssp;Pd;5;7;1551.32
r-4-8-75-8-2-0.cssp;A;0;3;1800
r-4-8-75-8-2-0.cssp;Ad;2;3;1800
r-4-8-75-8-2-0.cssp;P;2;2;1057.6
r-4-8-75-8-2-0.cssp;Pd;2;2;263.78
r-4-8-75-8-2-1.cssp;A;1;2;1800
r-4-8-75-8-2-1.cssp;Ad;2;3;1800
r-4-8-75-8-2-1.cssp;P;2;2;836.52
r-4-8-75-8-2-1.cssp;Pd;2;2;825.7
r-4-8-75-8-2-2.cssp;A;1;2;1800
r-4-8-75-8-2-2.cssp;Ad;2;3;1800
r-4-8-75-8-2-2.cssp;P;2;2;1657.82
r-4-8-75-8-2-2.cssp;Pd;2;2;443.38
r-4-8-75-8-2-3.cssp;A;1;3;1800
r-4-8-75-8-2-3.cssp;Ad;2;3;1800
r-4-8-75-8-2-3.cssp;P;1;3;1614.48
r-4-8-75-8-2-3.cssp;Pd;2;3;1800
r-4-8-75-8-2-4.cssp;A;1;3;1800
r-4-8-75-8-2-4.cssp;Ad;2;3;1800
r-4-8-75-8-2-4.cssp;P;2;3;1800
r-4-8-75-8-2-4.cssp;Pd;2;3;1800
